#
# TABLE STRUCTURE FOR: communities
#

DROP TABLE IF EXISTS `communities`;

CREATE TABLE `communities` (
  `id` int(10) unsigned NOT NULL AUTO_INCREMENT,
  `name` varchar(150) COLLATE utf8_unicode_ci NOT NULL,
  PRIMARY KEY (`id`),
  UNIQUE KEY `name` (`name`)
) ENGINE=InnoDB AUTO_INCREMENT=101 DEFAULT CHARSET=utf8 COLLATE=utf8_unicode_ci;

INSERT INTO `communities` (`id`, `name`) VALUES (100, 'accusamus');
INSERT INTO `communities` (`id`, `name`) VALUES (10, 'adipisci');
INSERT INTO `communities` (`id`, `name`) VALUES (71, 'aliquid');
INSERT INTO `communities` (`id`, `name`) VALUES (41, 'amet');
INSERT INTO `communities` (`id`, `name`) VALUES (54, 'animi');
INSERT INTO `communities` (`id`, `name`) VALUES (33, 'aperiam');
INSERT INTO `communities` (`id`, `name`) VALUES (14, 'architecto');
INSERT INTO `communities` (`id`, `name`) VALUES (77, 'asperiores');
INSERT INTO `communities` (`id`, `name`) VALUES (90, 'assumenda');
INSERT INTO `communities` (`id`, `name`) VALUES (37, 'aut');
INSERT INTO `communities` (`id`, `name`) VALUES (56, 'autem');
INSERT INTO `communities` (`id`, `name`) VALUES (4, 'beatae');
INSERT INTO `communities` (`id`, `name`) VALUES (53, 'blanditiis');
INSERT INTO `communities` (`id`, `name`) VALUES (80, 'consectetur');
INSERT INTO `communities` (`id`, `name`) VALUES (36, 'consequatur');
INSERT INTO `communities` (`id`, `name`) VALUES (96, 'consequuntur');
INSERT INTO `communities` (`id`, `name`) VALUES (11, 'corporis');
INSERT INTO `communities` (`id`, `name`) VALUES (17, 'culpa');
INSERT INTO `communities` (`id`, `name`) VALUES (30, 'cum');
INSERT INTO `communities` (`id`, `name`) VALUES (46, 'cumque');
INSERT INTO `communities` (`id`, `name`) VALUES (39, 'debitis');
INSERT INTO `communities` (`id`, `name`) VALUES (1, 'deleniti');
INSERT INTO `communities` (`id`, `name`) VALUES (65, 'dicta');
INSERT INTO `communities` (`id`, `name`) VALUES (38, 'dignissimos');
INSERT INTO `communities` (`id`, `name`) VALUES (92, 'distinctio');
INSERT INTO `communities` (`id`, `name`) VALUES (47, 'dolor');
INSERT INTO `communities` (`id`, `name`) VALUES (49, 'dolores');
INSERT INTO `communities` (`id`, `name`) VALUES (62, 'dolorum');
INSERT INTO `communities` (`id`, `name`) VALUES (24, 'ea');
INSERT INTO `communities` (`id`, `name`) VALUES (66, 'eaque');
INSERT INTO `communities` (`id`, `name`) VALUES (2, 'earum');
INSERT INTO `communities` (`id`, `name`) VALUES (16, 'enim');
INSERT INTO `communities` (`id`, `name`) VALUES (26, 'eos');
INSERT INTO `communities` (`id`, `name`) VALUES (78, 'esse');
INSERT INTO `communities` (`id`, `name`) VALUES (93, 'est');
INSERT INTO `communities` (`id`, `name`) VALUES (19, 'et');
INSERT INTO `communities` (`id`, `name`) VALUES (8, 'eum');
INSERT INTO `communities` (`id`, `name`) VALUES (86, 'ex');
INSERT INTO `communities` (`id`, `name`) VALUES (91, 'fuga');
INSERT INTO `communities` (`id`, `name`) VALUES (48, 'fugiat');
INSERT INTO `communities` (`id`, `name`) VALUES (45, 'harum');
INSERT INTO `communities` (`id`, `name`) VALUES (42, 'hic');
INSERT INTO `communities` (`id`, `name`) VALUES (55, 'id');
INSERT INTO `communities` (`id`, `name`) VALUES (35, 'illo');
INSERT INTO `communities` (`id`, `name`) VALUES (79, 'incidunt');
INSERT INTO `communities` (`id`, `name`) VALUES (64, 'ipsum');
INSERT INTO `communities` (`id`, `name`) VALUES (63, 'iure');
INSERT INTO `communities` (`id`, `name`) VALUES (34, 'labore');
INSERT INTO `communities` (`id`, `name`) VALUES (82, 'laudantium');
INSERT INTO `communities` (`id`, `name`) VALUES (68, 'libero');
INSERT INTO `communities` (`id`, `name`) VALUES (89, 'magnam');
INSERT INTO `communities` (`id`, `name`) VALUES (73, 'minima');
INSERT INTO `communities` (`id`, `name`) VALUES (15, 'modi');
INSERT INTO `communities` (`id`, `name`) VALUES (99, 'molestiae');
INSERT INTO `communities` (`id`, `name`) VALUES (59, 'mollitia');
INSERT INTO `communities` (`id`, `name`) VALUES (57, 'necessitatibus');
INSERT INTO `communities` (`id`, `name`) VALUES (7, 'neque');
INSERT INTO `communities` (`id`, `name`) VALUES (85, 'nobis');
INSERT INTO `communities` (`id`, `name`) VALUES (69, 'non');
INSERT INTO `communities` (`id`, `name`) VALUES (83, 'numquam');
INSERT INTO `communities` (`id`, `name`) VALUES (29, 'occaecati');
INSERT INTO `communities` (`id`, `name`) VALUES (23, 'odio');
INSERT INTO `communities` (`id`, `name`) VALUES (21, 'odit');
INSERT INTO `communities` (`id`, `name`) VALUES (58, 'officia');
INSERT INTO `communities` (`id`, `name`) VALUES (95, 'officiis');
INSERT INTO `communities` (`id`, `name`) VALUES (22, 'omnis');
INSERT INTO `communities` (`id`, `name`) VALUES (51, 'optio');
INSERT INTO `communities` (`id`, `name`) VALUES (9, 'perspiciatis');
INSERT INTO `communities` (`id`, `name`) VALUES (52, 'placeat');
INSERT INTO `communities` (`id`, `name`) VALUES (18, 'porro');
INSERT INTO `communities` (`id`, `name`) VALUES (40, 'possimus');
INSERT INTO `communities` (`id`, `name`) VALUES (97, 'quae');
INSERT INTO `communities` (`id`, `name`) VALUES (6, 'quam');
INSERT INTO `communities` (`id`, `name`) VALUES (25, 'qui');
INSERT INTO `communities` (`id`, `name`) VALUES (32, 'quia');
INSERT INTO `communities` (`id`, `name`) VALUES (61, 'quibusdam');
INSERT INTO `communities` (`id`, `name`) VALUES (81, 'quidem');
INSERT INTO `communities` (`id`, `name`) VALUES (5, 'quis');
INSERT INTO `communities` (`id`, `name`) VALUES (72, 'quisquam');
INSERT INTO `communities` (`id`, `name`) VALUES (27, 'quo');
INSERT INTO `communities` (`id`, `name`) VALUES (87, 'quod');
INSERT INTO `communities` (`id`, `name`) VALUES (3, 'quos');
INSERT INTO `communities` (`id`, `name`) VALUES (50, 'recusandae');
INSERT INTO `communities` (`id`, `name`) VALUES (76, 'repellendus');
INSERT INTO `communities` (`id`, `name`) VALUES (74, 'repudiandae');
INSERT INTO `communities` (`id`, `name`) VALUES (20, 'saepe');
INSERT INTO `communities` (`id`, `name`) VALUES (84, 'sed');
INSERT INTO `communities` (`id`, `name`) VALUES (31, 'sequi');
INSERT INTO `communities` (`id`, `name`) VALUES (98, 'sint');
INSERT INTO `communities` (`id`, `name`) VALUES (43, 'sit');
INSERT INTO `communities` (`id`, `name`) VALUES (70, 'sunt');
INSERT INTO `communities` (`id`, `name`) VALUES (28, 'tempore');
INSERT INTO `communities` (`id`, `name`) VALUES (94, 'ullam');
INSERT INTO `communities` (`id`, `name`) VALUES (67, 'unde');
INSERT INTO `communities` (`id`, `name`) VALUES (13, 'ut');
INSERT INTO `communities` (`id`, `name`) VALUES (44, 'velit');
INSERT INTO `communities` (`id`, `name`) VALUES (88, 'veniam');
INSERT INTO `communities` (`id`, `name`) VALUES (60, 'voluptas');
INSERT INTO `communities` (`id`, `name`) VALUES (75, 'voluptatibus');
INSERT INTO `communities` (`id`, `name`) VALUES (12, 'voluptatum');


#
# TABLE STRUCTURE FOR: communities_users
#

DROP TABLE IF EXISTS `communities_users`;

CREATE TABLE `communities_users` (
  `community_id` int(10) unsigned NOT NULL,
  `user_id` int(10) unsigned NOT NULL,
  PRIMARY KEY (`community_id`,`user_id`)
) ENGINE=InnoDB DEFAULT CHARSET=utf8 COLLATE=utf8_unicode_ci;

INSERT INTO `communities_users` (`community_id`, `user_id`) VALUES (1, 1);
INSERT INTO `communities_users` (`community_id`, `user_id`) VALUES (2, 2);
INSERT INTO `communities_users` (`community_id`, `user_id`) VALUES (3, 3);
INSERT INTO `communities_users` (`community_id`, `user_id`) VALUES (4, 4);
INSERT INTO `communities_users` (`community_id`, `user_id`) VALUES (5, 5);
INSERT INTO `communities_users` (`community_id`, `user_id`) VALUES (6, 6);
INSERT INTO `communities_users` (`community_id`, `user_id`) VALUES (7, 7);
INSERT INTO `communities_users` (`community_id`, `user_id`) VALUES (8, 8);
INSERT INTO `communities_users` (`community_id`, `user_id`) VALUES (9, 9);
INSERT INTO `communities_users` (`community_id`, `user_id`) VALUES (10, 10);
INSERT INTO `communities_users` (`community_id`, `user_id`) VALUES (11, 11);
INSERT INTO `communities_users` (`community_id`, `user_id`) VALUES (12, 12);
INSERT INTO `communities_users` (`community_id`, `user_id`) VALUES (13, 13);
INSERT INTO `communities_users` (`community_id`, `user_id`) VALUES (14, 14);
INSERT INTO `communities_users` (`community_id`, `user_id`) VALUES (15, 15);
INSERT INTO `communities_users` (`community_id`, `user_id`) VALUES (16, 16);
INSERT INTO `communities_users` (`community_id`, `user_id`) VALUES (17, 17);
INSERT INTO `communities_users` (`community_id`, `user_id`) VALUES (18, 18);
INSERT INTO `communities_users` (`community_id`, `user_id`) VALUES (19, 19);
INSERT INTO `communities_users` (`community_id`, `user_id`) VALUES (20, 20);
INSERT INTO `communities_users` (`community_id`, `user_id`) VALUES (21, 21);
INSERT INTO `communities_users` (`community_id`, `user_id`) VALUES (22, 22);
INSERT INTO `communities_users` (`community_id`, `user_id`) VALUES (23, 23);
INSERT INTO `communities_users` (`community_id`, `user_id`) VALUES (24, 24);
INSERT INTO `communities_users` (`community_id`, `user_id`) VALUES (25, 25);
INSERT INTO `communities_users` (`community_id`, `user_id`) VALUES (26, 26);
INSERT INTO `communities_users` (`community_id`, `user_id`) VALUES (27, 27);
INSERT INTO `communities_users` (`community_id`, `user_id`) VALUES (28, 28);
INSERT INTO `communities_users` (`community_id`, `user_id`) VALUES (29, 29);
INSERT INTO `communities_users` (`community_id`, `user_id`) VALUES (30, 30);
INSERT INTO `communities_users` (`community_id`, `user_id`) VALUES (31, 31);
INSERT INTO `communities_users` (`community_id`, `user_id`) VALUES (32, 32);
INSERT INTO `communities_users` (`community_id`, `user_id`) VALUES (33, 33);
INSERT INTO `communities_users` (`community_id`, `user_id`) VALUES (34, 34);
INSERT INTO `communities_users` (`community_id`, `user_id`) VALUES (35, 35);
INSERT INTO `communities_users` (`community_id`, `user_id`) VALUES (36, 36);
INSERT INTO `communities_users` (`community_id`, `user_id`) VALUES (37, 37);
INSERT INTO `communities_users` (`community_id`, `user_id`) VALUES (38, 38);
INSERT INTO `communities_users` (`community_id`, `user_id`) VALUES (39, 39);
INSERT INTO `communities_users` (`community_id`, `user_id`) VALUES (40, 40);
INSERT INTO `communities_users` (`community_id`, `user_id`) VALUES (41, 41);
INSERT INTO `communities_users` (`community_id`, `user_id`) VALUES (42, 42);
INSERT INTO `communities_users` (`community_id`, `user_id`) VALUES (43, 43);
INSERT INTO `communities_users` (`community_id`, `user_id`) VALUES (44, 44);
INSERT INTO `communities_users` (`community_id`, `user_id`) VALUES (45, 45);
INSERT INTO `communities_users` (`community_id`, `user_id`) VALUES (46, 46);
INSERT INTO `communities_users` (`community_id`, `user_id`) VALUES (47, 47);
INSERT INTO `communities_users` (`community_id`, `user_id`) VALUES (48, 48);
INSERT INTO `communities_users` (`community_id`, `user_id`) VALUES (49, 49);
INSERT INTO `communities_users` (`community_id`, `user_id`) VALUES (50, 50);
INSERT INTO `communities_users` (`community_id`, `user_id`) VALUES (51, 51);
INSERT INTO `communities_users` (`community_id`, `user_id`) VALUES (52, 52);
INSERT INTO `communities_users` (`community_id`, `user_id`) VALUES (53, 53);
INSERT INTO `communities_users` (`community_id`, `user_id`) VALUES (54, 54);
INSERT INTO `communities_users` (`community_id`, `user_id`) VALUES (55, 55);
INSERT INTO `communities_users` (`community_id`, `user_id`) VALUES (56, 56);
INSERT INTO `communities_users` (`community_id`, `user_id`) VALUES (57, 57);
INSERT INTO `communities_users` (`community_id`, `user_id`) VALUES (58, 58);
INSERT INTO `communities_users` (`community_id`, `user_id`) VALUES (59, 59);
INSERT INTO `communities_users` (`community_id`, `user_id`) VALUES (60, 60);
INSERT INTO `communities_users` (`community_id`, `user_id`) VALUES (61, 61);
INSERT INTO `communities_users` (`community_id`, `user_id`) VALUES (62, 62);
INSERT INTO `communities_users` (`community_id`, `user_id`) VALUES (63, 63);
INSERT INTO `communities_users` (`community_id`, `user_id`) VALUES (64, 64);
INSERT INTO `communities_users` (`community_id`, `user_id`) VALUES (65, 65);
INSERT INTO `communities_users` (`community_id`, `user_id`) VALUES (66, 66);
INSERT INTO `communities_users` (`community_id`, `user_id`) VALUES (67, 67);
INSERT INTO `communities_users` (`community_id`, `user_id`) VALUES (68, 68);
INSERT INTO `communities_users` (`community_id`, `user_id`) VALUES (69, 69);
INSERT INTO `communities_users` (`community_id`, `user_id`) VALUES (70, 70);
INSERT INTO `communities_users` (`community_id`, `user_id`) VALUES (71, 71);
INSERT INTO `communities_users` (`community_id`, `user_id`) VALUES (72, 72);
INSERT INTO `communities_users` (`community_id`, `user_id`) VALUES (73, 73);
INSERT INTO `communities_users` (`community_id`, `user_id`) VALUES (74, 74);
INSERT INTO `communities_users` (`community_id`, `user_id`) VALUES (75, 75);
INSERT INTO `communities_users` (`community_id`, `user_id`) VALUES (76, 76);
INSERT INTO `communities_users` (`community_id`, `user_id`) VALUES (77, 77);
INSERT INTO `communities_users` (`community_id`, `user_id`) VALUES (78, 78);
INSERT INTO `communities_users` (`community_id`, `user_id`) VALUES (79, 79);
INSERT INTO `communities_users` (`community_id`, `user_id`) VALUES (80, 80);
INSERT INTO `communities_users` (`community_id`, `user_id`) VALUES (81, 81);
INSERT INTO `communities_users` (`community_id`, `user_id`) VALUES (82, 82);
INSERT INTO `communities_users` (`community_id`, `user_id`) VALUES (83, 83);
INSERT INTO `communities_users` (`community_id`, `user_id`) VALUES (84, 84);
INSERT INTO `communities_users` (`community_id`, `user_id`) VALUES (85, 85);
INSERT INTO `communities_users` (`community_id`, `user_id`) VALUES (86, 86);
INSERT INTO `communities_users` (`community_id`, `user_id`) VALUES (87, 87);
INSERT INTO `communities_users` (`community_id`, `user_id`) VALUES (88, 88);
INSERT INTO `communities_users` (`community_id`, `user_id`) VALUES (89, 89);
INSERT INTO `communities_users` (`community_id`, `user_id`) VALUES (90, 90);
INSERT INTO `communities_users` (`community_id`, `user_id`) VALUES (91, 91);
INSERT INTO `communities_users` (`community_id`, `user_id`) VALUES (92, 92);
INSERT INTO `communities_users` (`community_id`, `user_id`) VALUES (93, 93);
INSERT INTO `communities_users` (`community_id`, `user_id`) VALUES (94, 94);
INSERT INTO `communities_users` (`community_id`, `user_id`) VALUES (95, 95);
INSERT INTO `communities_users` (`community_id`, `user_id`) VALUES (96, 96);
INSERT INTO `communities_users` (`community_id`, `user_id`) VALUES (97, 97);
INSERT INTO `communities_users` (`community_id`, `user_id`) VALUES (98, 98);
INSERT INTO `communities_users` (`community_id`, `user_id`) VALUES (99, 99);
INSERT INTO `communities_users` (`community_id`, `user_id`) VALUES (100, 100);


#
# TABLE STRUCTURE FOR: friendship
#

DROP TABLE IF EXISTS `friendship`;

CREATE TABLE `friendship` (
  `user_id` int(10) unsigned NOT NULL,
  `friend_id` int(10) unsigned NOT NULL,
  `status_id` int(10) unsigned NOT NULL,
  `requested_at` datetime DEFAULT current_timestamp(),
  `confirmed_at` datetime DEFAULT NULL,
  PRIMARY KEY (`user_id`,`friend_id`)
) ENGINE=InnoDB DEFAULT CHARSET=utf8 COLLATE=utf8_unicode_ci;

INSERT INTO `friendship` (`user_id`, `friend_id`, `status_id`, `requested_at`, `confirmed_at`) VALUES (1, 1, 1, '1988-05-17 08:03:07', '1979-07-07 00:43:24');
INSERT INTO `friendship` (`user_id`, `friend_id`, `status_id`, `requested_at`, `confirmed_at`) VALUES (2, 2, 2, '1990-01-31 14:50:07', '2001-06-19 03:00:33');
INSERT INTO `friendship` (`user_id`, `friend_id`, `status_id`, `requested_at`, `confirmed_at`) VALUES (3, 3, 3, '1994-10-16 01:06:04', '1983-07-19 15:28:35');
INSERT INTO `friendship` (`user_id`, `friend_id`, `status_id`, `requested_at`, `confirmed_at`) VALUES (4, 4, 1, '2000-05-18 19:05:59', '1987-06-08 07:28:14');
INSERT INTO `friendship` (`user_id`, `friend_id`, `status_id`, `requested_at`, `confirmed_at`) VALUES (5, 5, 2, '1994-04-13 21:15:26', '2014-08-22 11:17:01');
INSERT INTO `friendship` (`user_id`, `friend_id`, `status_id`, `requested_at`, `confirmed_at`) VALUES (6, 6, 3, '1970-11-29 11:23:53', '1997-05-05 14:43:02');
INSERT INTO `friendship` (`user_id`, `friend_id`, `status_id`, `requested_at`, `confirmed_at`) VALUES (7, 7, 1, '1974-02-23 01:22:02', '1997-02-04 02:08:47');
INSERT INTO `friendship` (`user_id`, `friend_id`, `status_id`, `requested_at`, `confirmed_at`) VALUES (8, 8, 2, '2018-12-16 15:14:09', '1976-10-22 17:11:29');
INSERT INTO `friendship` (`user_id`, `friend_id`, `status_id`, `requested_at`, `confirmed_at`) VALUES (9, 9, 3, '1979-05-01 18:30:51', '1996-12-05 06:36:57');
INSERT INTO `friendship` (`user_id`, `friend_id`, `status_id`, `requested_at`, `confirmed_at`) VALUES (10, 10, 1, '1986-04-09 21:28:15', '2008-05-20 05:26:11');
INSERT INTO `friendship` (`user_id`, `friend_id`, `status_id`, `requested_at`, `confirmed_at`) VALUES (11, 11, 2, '2008-03-01 10:53:41', '2019-09-20 09:38:59');
INSERT INTO `friendship` (`user_id`, `friend_id`, `status_id`, `requested_at`, `confirmed_at`) VALUES (12, 12, 3, '1992-07-15 05:44:19', '1998-11-27 08:24:38');
INSERT INTO `friendship` (`user_id`, `friend_id`, `status_id`, `requested_at`, `confirmed_at`) VALUES (13, 13, 1, '1988-04-12 18:42:36', '1987-11-09 07:41:39');
INSERT INTO `friendship` (`user_id`, `friend_id`, `status_id`, `requested_at`, `confirmed_at`) VALUES (14, 14, 2, '1994-04-15 12:38:20', '1975-07-31 13:23:33');
INSERT INTO `friendship` (`user_id`, `friend_id`, `status_id`, `requested_at`, `confirmed_at`) VALUES (15, 15, 3, '2000-10-24 03:39:27', '1979-08-21 01:31:41');
INSERT INTO `friendship` (`user_id`, `friend_id`, `status_id`, `requested_at`, `confirmed_at`) VALUES (16, 16, 1, '1991-03-12 16:53:32', '1987-01-15 15:51:16');
INSERT INTO `friendship` (`user_id`, `friend_id`, `status_id`, `requested_at`, `confirmed_at`) VALUES (17, 17, 2, '1982-08-20 03:24:54', '2004-05-28 18:18:13');
INSERT INTO `friendship` (`user_id`, `friend_id`, `status_id`, `requested_at`, `confirmed_at`) VALUES (18, 18, 3, '1999-08-18 12:49:42', '1994-06-21 14:30:19');
INSERT INTO `friendship` (`user_id`, `friend_id`, `status_id`, `requested_at`, `confirmed_at`) VALUES (19, 19, 1, '1997-11-21 09:25:52', '2014-08-29 12:23:01');
INSERT INTO `friendship` (`user_id`, `friend_id`, `status_id`, `requested_at`, `confirmed_at`) VALUES (20, 20, 2, '2011-09-17 23:38:02', '1979-12-14 16:05:49');
INSERT INTO `friendship` (`user_id`, `friend_id`, `status_id`, `requested_at`, `confirmed_at`) VALUES (21, 21, 3, '1991-04-11 16:43:27', '1992-06-20 17:48:27');
INSERT INTO `friendship` (`user_id`, `friend_id`, `status_id`, `requested_at`, `confirmed_at`) VALUES (22, 22, 1, '1990-02-20 13:13:37', '1972-03-01 01:16:33');
INSERT INTO `friendship` (`user_id`, `friend_id`, `status_id`, `requested_at`, `confirmed_at`) VALUES (23, 23, 2, '2000-02-26 12:53:15', '1994-03-01 18:41:45');
INSERT INTO `friendship` (`user_id`, `friend_id`, `status_id`, `requested_at`, `confirmed_at`) VALUES (24, 24, 3, '1978-03-08 17:02:03', '1983-07-06 21:16:01');
INSERT INTO `friendship` (`user_id`, `friend_id`, `status_id`, `requested_at`, `confirmed_at`) VALUES (25, 25, 1, '2007-09-27 14:05:43', '1976-05-10 05:57:14');
INSERT INTO `friendship` (`user_id`, `friend_id`, `status_id`, `requested_at`, `confirmed_at`) VALUES (26, 26, 2, '2001-11-20 16:48:11', '2011-12-26 16:23:26');
INSERT INTO `friendship` (`user_id`, `friend_id`, `status_id`, `requested_at`, `confirmed_at`) VALUES (27, 27, 3, '1992-09-10 13:35:48', '1982-04-08 09:44:34');
INSERT INTO `friendship` (`user_id`, `friend_id`, `status_id`, `requested_at`, `confirmed_at`) VALUES (28, 28, 1, '1979-03-07 11:01:52', '1989-07-09 23:52:29');
INSERT INTO `friendship` (`user_id`, `friend_id`, `status_id`, `requested_at`, `confirmed_at`) VALUES (29, 29, 2, '2011-10-28 09:22:01', '2019-12-15 21:56:53');
INSERT INTO `friendship` (`user_id`, `friend_id`, `status_id`, `requested_at`, `confirmed_at`) VALUES (30, 30, 3, '2004-04-28 03:40:47', '1999-01-27 20:20:15');
INSERT INTO `friendship` (`user_id`, `friend_id`, `status_id`, `requested_at`, `confirmed_at`) VALUES (31, 31, 1, '1981-04-06 23:34:55', '1973-05-10 11:29:15');
INSERT INTO `friendship` (`user_id`, `friend_id`, `status_id`, `requested_at`, `confirmed_at`) VALUES (32, 32, 2, '1978-12-06 08:43:59', '1996-11-15 19:09:10');
INSERT INTO `friendship` (`user_id`, `friend_id`, `status_id`, `requested_at`, `confirmed_at`) VALUES (33, 33, 3, '2013-12-07 11:00:47', '1990-03-02 12:03:28');
INSERT INTO `friendship` (`user_id`, `friend_id`, `status_id`, `requested_at`, `confirmed_at`) VALUES (34, 34, 1, '2000-10-30 03:49:31', '2010-01-08 14:12:03');
INSERT INTO `friendship` (`user_id`, `friend_id`, `status_id`, `requested_at`, `confirmed_at`) VALUES (35, 35, 2, '1983-11-04 09:45:20', '1978-03-14 21:13:35');
INSERT INTO `friendship` (`user_id`, `friend_id`, `status_id`, `requested_at`, `confirmed_at`) VALUES (36, 36, 3, '1991-06-18 02:32:28', '2010-03-10 15:01:37');
INSERT INTO `friendship` (`user_id`, `friend_id`, `status_id`, `requested_at`, `confirmed_at`) VALUES (37, 37, 1, '1980-02-10 12:57:09', '1997-08-08 11:54:29');
INSERT INTO `friendship` (`user_id`, `friend_id`, `status_id`, `requested_at`, `confirmed_at`) VALUES (38, 38, 2, '1983-06-25 09:03:06', '2012-04-23 06:05:15');
INSERT INTO `friendship` (`user_id`, `friend_id`, `status_id`, `requested_at`, `confirmed_at`) VALUES (39, 39, 3, '1994-08-14 21:14:01', '1983-06-10 12:42:34');
INSERT INTO `friendship` (`user_id`, `friend_id`, `status_id`, `requested_at`, `confirmed_at`) VALUES (40, 40, 1, '2000-05-20 07:34:54', '2013-04-06 07:21:42');
INSERT INTO `friendship` (`user_id`, `friend_id`, `status_id`, `requested_at`, `confirmed_at`) VALUES (41, 41, 2, '1999-01-05 07:12:21', '1998-11-01 16:02:31');
INSERT INTO `friendship` (`user_id`, `friend_id`, `status_id`, `requested_at`, `confirmed_at`) VALUES (42, 42, 3, '2017-11-05 23:50:18', '1970-06-25 06:23:12');
INSERT INTO `friendship` (`user_id`, `friend_id`, `status_id`, `requested_at`, `confirmed_at`) VALUES (43, 43, 1, '2003-05-11 14:47:15', '1998-04-22 21:31:31');
INSERT INTO `friendship` (`user_id`, `friend_id`, `status_id`, `requested_at`, `confirmed_at`) VALUES (44, 44, 2, '1993-11-08 08:45:31', '1981-05-29 02:16:15');
INSERT INTO `friendship` (`user_id`, `friend_id`, `status_id`, `requested_at`, `confirmed_at`) VALUES (45, 45, 3, '1977-04-22 22:24:28', '2001-07-18 01:25:43');
INSERT INTO `friendship` (`user_id`, `friend_id`, `status_id`, `requested_at`, `confirmed_at`) VALUES (46, 46, 1, '1978-11-29 22:25:43', '1972-06-10 04:04:04');
INSERT INTO `friendship` (`user_id`, `friend_id`, `status_id`, `requested_at`, `confirmed_at`) VALUES (47, 47, 2, '2002-03-09 15:17:43', '2001-11-09 09:23:51');
INSERT INTO `friendship` (`user_id`, `friend_id`, `status_id`, `requested_at`, `confirmed_at`) VALUES (48, 48, 3, '1993-11-14 07:18:41', '2004-08-31 05:18:41');
INSERT INTO `friendship` (`user_id`, `friend_id`, `status_id`, `requested_at`, `confirmed_at`) VALUES (49, 49, 1, '1992-11-08 15:50:32', '2015-08-07 09:23:21');
INSERT INTO `friendship` (`user_id`, `friend_id`, `status_id`, `requested_at`, `confirmed_at`) VALUES (50, 50, 2, '2011-10-19 00:12:16', '1975-09-01 13:02:02');
INSERT INTO `friendship` (`user_id`, `friend_id`, `status_id`, `requested_at`, `confirmed_at`) VALUES (51, 51, 3, '2001-03-18 09:01:45', '1979-06-02 06:57:16');
INSERT INTO `friendship` (`user_id`, `friend_id`, `status_id`, `requested_at`, `confirmed_at`) VALUES (52, 52, 1, '1994-08-16 20:01:44', '1992-03-17 14:21:00');
INSERT INTO `friendship` (`user_id`, `friend_id`, `status_id`, `requested_at`, `confirmed_at`) VALUES (53, 53, 2, '2018-07-07 07:01:31', '1992-04-10 14:56:02');
INSERT INTO `friendship` (`user_id`, `friend_id`, `status_id`, `requested_at`, `confirmed_at`) VALUES (54, 54, 3, '1980-11-27 13:06:05', '1971-09-04 11:22:31');
INSERT INTO `friendship` (`user_id`, `friend_id`, `status_id`, `requested_at`, `confirmed_at`) VALUES (55, 55, 1, '2010-03-19 04:33:15', '1985-11-18 17:31:23');
INSERT INTO `friendship` (`user_id`, `friend_id`, `status_id`, `requested_at`, `confirmed_at`) VALUES (56, 56, 2, '2016-03-20 05:25:22', '2017-06-21 22:24:30');
INSERT INTO `friendship` (`user_id`, `friend_id`, `status_id`, `requested_at`, `confirmed_at`) VALUES (57, 57, 3, '1972-02-02 20:20:49', '2018-09-08 14:47:30');
INSERT INTO `friendship` (`user_id`, `friend_id`, `status_id`, `requested_at`, `confirmed_at`) VALUES (58, 58, 1, '1977-07-14 06:55:49', '2019-01-01 17:07:07');
INSERT INTO `friendship` (`user_id`, `friend_id`, `status_id`, `requested_at`, `confirmed_at`) VALUES (59, 59, 2, '1978-10-12 21:20:52', '1994-01-19 06:50:04');
INSERT INTO `friendship` (`user_id`, `friend_id`, `status_id`, `requested_at`, `confirmed_at`) VALUES (60, 60, 3, '1978-11-17 02:59:05', '2017-07-12 04:42:14');
INSERT INTO `friendship` (`user_id`, `friend_id`, `status_id`, `requested_at`, `confirmed_at`) VALUES (61, 61, 1, '1970-07-02 17:53:28', '2017-06-16 17:38:48');
INSERT INTO `friendship` (`user_id`, `friend_id`, `status_id`, `requested_at`, `confirmed_at`) VALUES (62, 62, 2, '2017-12-25 01:15:33', '2007-07-30 11:33:34');
INSERT INTO `friendship` (`user_id`, `friend_id`, `status_id`, `requested_at`, `confirmed_at`) VALUES (63, 63, 3, '1996-01-04 23:25:02', '1974-12-20 12:21:56');
INSERT INTO `friendship` (`user_id`, `friend_id`, `status_id`, `requested_at`, `confirmed_at`) VALUES (64, 64, 1, '1993-01-30 02:11:04', '2011-09-30 04:46:22');
INSERT INTO `friendship` (`user_id`, `friend_id`, `status_id`, `requested_at`, `confirmed_at`) VALUES (65, 65, 2, '1988-12-28 02:35:16', '1970-08-22 19:19:50');
INSERT INTO `friendship` (`user_id`, `friend_id`, `status_id`, `requested_at`, `confirmed_at`) VALUES (66, 66, 3, '2012-01-25 14:22:35', '2004-09-19 21:13:46');
INSERT INTO `friendship` (`user_id`, `friend_id`, `status_id`, `requested_at`, `confirmed_at`) VALUES (67, 67, 1, '1979-08-25 06:44:39', '1980-06-06 03:22:02');
INSERT INTO `friendship` (`user_id`, `friend_id`, `status_id`, `requested_at`, `confirmed_at`) VALUES (68, 68, 2, '2017-02-07 19:23:12', '1980-10-23 02:48:34');
INSERT INTO `friendship` (`user_id`, `friend_id`, `status_id`, `requested_at`, `confirmed_at`) VALUES (69, 69, 3, '1981-01-18 01:05:28', '1990-01-03 17:08:46');
INSERT INTO `friendship` (`user_id`, `friend_id`, `status_id`, `requested_at`, `confirmed_at`) VALUES (70, 70, 1, '2001-07-16 16:17:49', '1970-11-18 23:40:16');
INSERT INTO `friendship` (`user_id`, `friend_id`, `status_id`, `requested_at`, `confirmed_at`) VALUES (71, 71, 2, '1984-10-20 12:02:48', '2009-04-24 21:39:57');
INSERT INTO `friendship` (`user_id`, `friend_id`, `status_id`, `requested_at`, `confirmed_at`) VALUES (72, 72, 3, '1990-12-21 11:59:10', '2011-06-27 09:11:46');
INSERT INTO `friendship` (`user_id`, `friend_id`, `status_id`, `requested_at`, `confirmed_at`) VALUES (73, 73, 1, '1982-02-15 21:12:33', '1993-12-18 09:53:45');
INSERT INTO `friendship` (`user_id`, `friend_id`, `status_id`, `requested_at`, `confirmed_at`) VALUES (74, 74, 2, '1974-03-04 07:26:04', '1993-10-22 00:35:37');
INSERT INTO `friendship` (`user_id`, `friend_id`, `status_id`, `requested_at`, `confirmed_at`) VALUES (75, 75, 3, '2007-04-06 16:23:47', '2004-12-25 09:42:49');
INSERT INTO `friendship` (`user_id`, `friend_id`, `status_id`, `requested_at`, `confirmed_at`) VALUES (76, 76, 1, '1972-01-08 22:10:31', '2000-11-09 09:35:33');
INSERT INTO `friendship` (`user_id`, `friend_id`, `status_id`, `requested_at`, `confirmed_at`) VALUES (77, 77, 2, '2000-10-03 22:34:00', '1978-09-30 06:44:12');
INSERT INTO `friendship` (`user_id`, `friend_id`, `status_id`, `requested_at`, `confirmed_at`) VALUES (78, 78, 3, '1985-08-10 11:32:12', '1990-08-19 00:59:13');
INSERT INTO `friendship` (`user_id`, `friend_id`, `status_id`, `requested_at`, `confirmed_at`) VALUES (79, 79, 1, '1994-02-01 01:32:01', '1975-06-23 07:05:13');
INSERT INTO `friendship` (`user_id`, `friend_id`, `status_id`, `requested_at`, `confirmed_at`) VALUES (80, 80, 2, '2003-02-22 14:01:26', '1973-05-19 08:56:37');
INSERT INTO `friendship` (`user_id`, `friend_id`, `status_id`, `requested_at`, `confirmed_at`) VALUES (81, 81, 3, '2016-09-03 22:18:03', '1976-07-31 03:36:54');
INSERT INTO `friendship` (`user_id`, `friend_id`, `status_id`, `requested_at`, `confirmed_at`) VALUES (82, 82, 1, '1992-09-23 02:26:44', '1975-06-28 22:01:20');
INSERT INTO `friendship` (`user_id`, `friend_id`, `status_id`, `requested_at`, `confirmed_at`) VALUES (83, 83, 2, '1982-09-14 05:11:07', '1974-11-05 04:04:38');
INSERT INTO `friendship` (`user_id`, `friend_id`, `status_id`, `requested_at`, `confirmed_at`) VALUES (84, 84, 3, '1975-09-07 00:29:29', '1977-12-08 19:17:16');
INSERT INTO `friendship` (`user_id`, `friend_id`, `status_id`, `requested_at`, `confirmed_at`) VALUES (85, 85, 1, '1989-05-26 14:04:05', '1991-01-27 08:59:16');
INSERT INTO `friendship` (`user_id`, `friend_id`, `status_id`, `requested_at`, `confirmed_at`) VALUES (86, 86, 2, '1984-12-07 02:58:04', '2008-03-05 08:04:44');
INSERT INTO `friendship` (`user_id`, `friend_id`, `status_id`, `requested_at`, `confirmed_at`) VALUES (87, 87, 3, '2017-07-21 18:07:38', '1999-07-03 09:51:20');
INSERT INTO `friendship` (`user_id`, `friend_id`, `status_id`, `requested_at`, `confirmed_at`) VALUES (88, 88, 1, '2001-05-25 04:55:48', '2005-04-12 17:42:45');
INSERT INTO `friendship` (`user_id`, `friend_id`, `status_id`, `requested_at`, `confirmed_at`) VALUES (89, 89, 2, '2001-12-29 23:23:05', '2015-08-21 23:51:13');
INSERT INTO `friendship` (`user_id`, `friend_id`, `status_id`, `requested_at`, `confirmed_at`) VALUES (90, 90, 3, '1975-05-07 14:50:04', '2001-03-04 12:05:24');
INSERT INTO `friendship` (`user_id`, `friend_id`, `status_id`, `requested_at`, `confirmed_at`) VALUES (91, 91, 1, '1979-10-12 15:00:14', '1993-05-01 20:10:53');
INSERT INTO `friendship` (`user_id`, `friend_id`, `status_id`, `requested_at`, `confirmed_at`) VALUES (92, 92, 2, '2017-12-30 19:40:26', '2019-09-16 00:40:29');
INSERT INTO `friendship` (`user_id`, `friend_id`, `status_id`, `requested_at`, `confirmed_at`) VALUES (93, 93, 3, '2014-06-28 05:40:13', '1980-01-25 05:04:22');
INSERT INTO `friendship` (`user_id`, `friend_id`, `status_id`, `requested_at`, `confirmed_at`) VALUES (94, 94, 1, '1991-09-24 11:39:46', '1993-09-19 05:47:58');
INSERT INTO `friendship` (`user_id`, `friend_id`, `status_id`, `requested_at`, `confirmed_at`) VALUES (95, 95, 2, '1983-06-30 21:05:27', '1999-06-06 20:02:03');
INSERT INTO `friendship` (`user_id`, `friend_id`, `status_id`, `requested_at`, `confirmed_at`) VALUES (96, 96, 3, '1977-08-17 05:28:58', '1973-10-07 23:24:37');
INSERT INTO `friendship` (`user_id`, `friend_id`, `status_id`, `requested_at`, `confirmed_at`) VALUES (97, 97, 1, '2017-02-17 01:28:36', '2011-12-09 06:50:45');
INSERT INTO `friendship` (`user_id`, `friend_id`, `status_id`, `requested_at`, `confirmed_at`) VALUES (98, 98, 2, '1992-07-26 07:14:19', '1984-11-08 10:38:41');
INSERT INTO `friendship` (`user_id`, `friend_id`, `status_id`, `requested_at`, `confirmed_at`) VALUES (99, 99, 3, '1996-08-16 18:27:08', '1989-10-26 09:53:50');
INSERT INTO `friendship` (`user_id`, `friend_id`, `status_id`, `requested_at`, `confirmed_at`) VALUES (100, 100, 1, '1994-04-19 03:58:47', '2006-10-19 15:03:57');


#
# TABLE STRUCTURE FOR: friendship_statuses
#

DROP TABLE IF EXISTS `friendship_statuses`;

CREATE TABLE `friendship_statuses` (
  `id` int(10) unsigned NOT NULL AUTO_INCREMENT,
  `name` varchar(150) COLLATE utf8_unicode_ci NOT NULL,
  PRIMARY KEY (`id`),
  UNIQUE KEY `name` (`name`)
) ENGINE=InnoDB AUTO_INCREMENT=4 DEFAULT CHARSET=utf8 COLLATE=utf8_unicode_ci;

INSERT INTO `friendship_statuses` (`id`, `name`) VALUES (3, ' accepted');
INSERT INTO `friendship_statuses` (`id`, `name`) VALUES (2, ' rejected');
INSERT INTO `friendship_statuses` (`id`, `name`) VALUES (1, 'sent');


#
# TABLE STRUCTURE FOR: media
#

DROP TABLE IF EXISTS `media`;

CREATE TABLE `media` (
  `id` int(10) unsigned NOT NULL AUTO_INCREMENT,
  `media_type_id` int(10) unsigned NOT NULL,
  `user_id` int(10) unsigned NOT NULL,
  `filename` varchar(255) COLLATE utf8_unicode_ci NOT NULL,
  `size` int(11) NOT NULL,
  `metadata` longtext CHARACTER SET utf8mb4 COLLATE utf8mb4_bin DEFAULT NULL,
  `created_at` datetime DEFAULT current_timestamp(),
  `updated_at` datetime DEFAULT current_timestamp() ON UPDATE current_timestamp(),
  PRIMARY KEY (`id`)
) ENGINE=InnoDB AUTO_INCREMENT=101 DEFAULT CHARSET=utf8 COLLATE=utf8_unicode_ci;

INSERT INTO `media` (`id`, `media_type_id`, `user_id`, `filename`, `size`, `metadata`, `created_at`, `updated_at`) VALUES (1, 1, 1, 'application/x-csh', 0, 'ogv', '2017-04-09 05:14:55', '2005-06-23 14:01:34');
INSERT INTO `media` (`id`, `media_type_id`, `user_id`, `filename`, `size`, `metadata`, `created_at`, `updated_at`) VALUES (2, 2, 2, 'application/x-sql', 9, 'xsm', '2011-02-14 14:22:47', '1997-04-29 02:03:33');
INSERT INTO `media` (`id`, `media_type_id`, `user_id`, `filename`, `size`, `metadata`, `created_at`, `updated_at`) VALUES (3, 3, 3, 'application/x-rar-compressed', 99785323, 'vcs', '1983-04-13 13:52:48', '2006-11-14 13:58:48');
INSERT INTO `media` (`id`, `media_type_id`, `user_id`, `filename`, `size`, `metadata`, `created_at`, `updated_at`) VALUES (4, 1, 4, 'application/vnd.data-vision.rdz', 19499, 'wdp', '1990-11-01 14:29:58', '2019-01-09 08:47:04');
INSERT INTO `media` (`id`, `media_type_id`, `user_id`, `filename`, `size`, `metadata`, `created_at`, `updated_at`) VALUES (5, 2, 5, 'application/vnd.wolfram.player', 27427, 'kne', '2013-03-31 17:07:56', '1971-04-13 19:05:47');
INSERT INTO `media` (`id`, `media_type_id`, `user_id`, `filename`, `size`, `metadata`, `created_at`, `updated_at`) VALUES (6, 3, 6, 'application/vnd.openxmlformats-officedocument.presentationml.presentation', 1352260, 'tra', '2013-09-17 01:53:41', '1979-08-10 08:24:05');
INSERT INTO `media` (`id`, `media_type_id`, `user_id`, `filename`, `size`, `metadata`, `created_at`, `updated_at`) VALUES (7, 1, 7, 'audio/x-pn-realaudio-plugin', 676868143, 'dae', '1977-04-04 17:16:10', '2007-02-10 18:22:09');
INSERT INTO `media` (`id`, `media_type_id`, `user_id`, `filename`, `size`, `metadata`, `created_at`, `updated_at`) VALUES (8, 2, 8, 'video/vnd.fvt', 101, 'uvv', '2015-11-21 05:22:41', '1970-06-24 08:25:27');
INSERT INTO `media` (`id`, `media_type_id`, `user_id`, `filename`, `size`, `metadata`, `created_at`, `updated_at`) VALUES (9, 3, 9, 'application/atom+xml', 5600017, 'pre', '2011-05-01 19:16:38', '1970-11-12 19:00:41');
INSERT INTO `media` (`id`, `media_type_id`, `user_id`, `filename`, `size`, `metadata`, `created_at`, `updated_at`) VALUES (10, 1, 10, 'video/x-m4v', 55, 'z1', '1981-03-21 04:14:41', '2008-04-11 07:45:02');
INSERT INTO `media` (`id`, `media_type_id`, `user_id`, `filename`, `size`, `metadata`, `created_at`, `updated_at`) VALUES (11, 2, 11, 'application/vnd.seemail', 5, 'bmp', '2005-07-11 00:51:55', '1971-12-26 05:28:35');
INSERT INTO `media` (`id`, `media_type_id`, `user_id`, `filename`, `size`, `metadata`, `created_at`, `updated_at`) VALUES (12, 3, 12, 'video/x-f4v', 4852, 'kia', '1999-01-20 06:23:14', '1981-07-30 20:54:44');
INSERT INTO `media` (`id`, `media_type_id`, `user_id`, `filename`, `size`, `metadata`, `created_at`, `updated_at`) VALUES (13, 1, 13, 'video/quicktime', 0, 'st', '1999-10-28 18:06:13', '2010-12-27 12:42:03');
INSERT INTO `media` (`id`, `media_type_id`, `user_id`, `filename`, `size`, `metadata`, `created_at`, `updated_at`) VALUES (14, 2, 14, 'application/x-msclip', 33, 'odft', '2013-04-10 03:30:58', '1970-10-10 10:24:00');
INSERT INTO `media` (`id`, `media_type_id`, `user_id`, `filename`, `size`, `metadata`, `created_at`, `updated_at`) VALUES (15, 3, 15, 'application/vnd.oasis.opendocument.spreadsheet-template', 704, 'gph', '1977-01-06 20:49:02', '2011-07-20 03:57:37');
INSERT INTO `media` (`id`, `media_type_id`, `user_id`, `filename`, `size`, `metadata`, `created_at`, `updated_at`) VALUES (16, 1, 16, 'application/x-bzip', 3674552, 'utz', '1977-02-02 02:17:16', '1970-08-20 05:36:15');
INSERT INTO `media` (`id`, `media_type_id`, `user_id`, `filename`, `size`, `metadata`, `created_at`, `updated_at`) VALUES (17, 2, 17, 'model/vnd.dwf', 450239049, 'tga', '1977-01-06 00:09:04', '1984-09-22 11:25:08');
INSERT INTO `media` (`id`, `media_type_id`, `user_id`, `filename`, `size`, `metadata`, `created_at`, `updated_at`) VALUES (18, 3, 18, 'application/pls+xml', 4486, 'crd', '1988-05-07 00:14:46', '2007-06-17 01:04:58');
INSERT INTO `media` (`id`, `media_type_id`, `user_id`, `filename`, `size`, `metadata`, `created_at`, `updated_at`) VALUES (19, 1, 19, 'application/xspf+xml', 83, 'sgml', '1986-06-11 06:27:53', '2015-01-16 18:13:24');
INSERT INTO `media` (`id`, `media_type_id`, `user_id`, `filename`, `size`, `metadata`, `created_at`, `updated_at`) VALUES (20, 2, 20, 'application/x-director', 61548, 'uvv', '1973-06-21 09:20:56', '2017-04-11 23:28:14');
INSERT INTO `media` (`id`, `media_type_id`, `user_id`, `filename`, `size`, `metadata`, `created_at`, `updated_at`) VALUES (21, 3, 21, 'application/vnd.epson.quickanime', 4290, 'dpg', '1994-09-16 00:49:21', '2005-06-30 05:31:19');
INSERT INTO `media` (`id`, `media_type_id`, `user_id`, `filename`, `size`, `metadata`, `created_at`, `updated_at`) VALUES (22, 1, 22, 'application/sbml+xml', 56380318, 'xlf', '1997-11-17 18:11:50', '1995-03-06 01:20:12');
INSERT INTO `media` (`id`, `media_type_id`, `user_id`, `filename`, `size`, `metadata`, `created_at`, `updated_at`) VALUES (23, 2, 23, 'application/x-7z-compressed', 936593, 'sus', '2010-09-29 11:33:05', '1974-08-03 08:24:21');
INSERT INTO `media` (`id`, `media_type_id`, `user_id`, `filename`, `size`, `metadata`, `created_at`, `updated_at`) VALUES (24, 3, 24, 'application/pkixcmp', 23, 'lrm', '2003-11-11 15:37:21', '2018-02-14 23:52:05');
INSERT INTO `media` (`id`, `media_type_id`, `user_id`, `filename`, `size`, `metadata`, `created_at`, `updated_at`) VALUES (25, 1, 25, 'image/vnd.ms-photo', 562818, 'cil', '1975-03-10 14:14:51', '2013-06-29 11:07:22');
INSERT INTO `media` (`id`, `media_type_id`, `user_id`, `filename`, `size`, `metadata`, `created_at`, `updated_at`) VALUES (26, 2, 26, 'application/vnd.shana.informed.interchange', 2532343, 'ppsx', '2006-10-26 10:59:24', '2015-02-11 11:08:07');
INSERT INTO `media` (`id`, `media_type_id`, `user_id`, `filename`, `size`, `metadata`, `created_at`, `updated_at`) VALUES (27, 3, 27, 'application/vnd.wap.wbxml', 7616, 'java', '1977-02-03 16:14:45', '2004-06-23 12:40:47');
INSERT INTO `media` (`id`, `media_type_id`, `user_id`, `filename`, `size`, `metadata`, `created_at`, `updated_at`) VALUES (28, 1, 28, 'application/xspf+xml', 1, 'mng', '1991-01-31 17:20:48', '1974-08-05 22:12:24');
INSERT INTO `media` (`id`, `media_type_id`, `user_id`, `filename`, `size`, `metadata`, `created_at`, `updated_at`) VALUES (29, 2, 29, 'text/troff', 878819076, 't3', '2013-04-01 23:55:08', '1990-10-25 23:34:11');
INSERT INTO `media` (`id`, `media_type_id`, `user_id`, `filename`, `size`, `metadata`, `created_at`, `updated_at`) VALUES (30, 3, 30, 'model/x3d+vrml', 2868043, 'uvd', '2007-07-14 18:49:59', '1979-06-03 17:45:20');
INSERT INTO `media` (`id`, `media_type_id`, `user_id`, `filename`, `size`, `metadata`, `created_at`, `updated_at`) VALUES (31, 1, 31, 'video/h263', 1263881, 'sub', '2005-10-09 07:54:48', '1990-08-04 10:54:08');
INSERT INTO `media` (`id`, `media_type_id`, `user_id`, `filename`, `size`, `metadata`, `created_at`, `updated_at`) VALUES (32, 2, 32, 'application/vnd.oasis.opendocument.spreadsheet', 41, 'curl', '1995-10-13 13:40:32', '2002-07-13 06:28:28');
INSERT INTO `media` (`id`, `media_type_id`, `user_id`, `filename`, `size`, `metadata`, `created_at`, `updated_at`) VALUES (33, 3, 33, 'audio/x-matroska', 3, 'uvp', '1989-01-20 07:46:22', '2016-12-08 09:18:09');
INSERT INTO `media` (`id`, `media_type_id`, `user_id`, `filename`, `size`, `metadata`, `created_at`, `updated_at`) VALUES (34, 1, 34, 'video/h264', 70086, 'xsm', '1981-03-20 10:31:46', '1997-09-11 01:06:02');
INSERT INTO `media` (`id`, `media_type_id`, `user_id`, `filename`, `size`, `metadata`, `created_at`, `updated_at`) VALUES (35, 2, 35, 'application/vnd.sun.xml.writer', 51, 'qam', '1985-08-11 22:33:26', '1991-12-05 07:24:32');
INSERT INTO `media` (`id`, `media_type_id`, `user_id`, `filename`, `size`, `metadata`, `created_at`, `updated_at`) VALUES (36, 3, 36, 'application/vnd.rig.cryptonote', 0, 'flac', '2003-07-21 07:09:10', '1999-12-10 22:46:55');
INSERT INTO `media` (`id`, `media_type_id`, `user_id`, `filename`, `size`, `metadata`, `created_at`, `updated_at`) VALUES (37, 1, 37, 'text/x-setext', 535734625, 'flx', '1972-09-12 16:40:47', '1982-09-05 09:56:14');
INSERT INTO `media` (`id`, `media_type_id`, `user_id`, `filename`, `size`, `metadata`, `created_at`, `updated_at`) VALUES (38, 2, 38, 'application/x-stuffit', 9221, 'sis', '1991-07-04 19:50:56', '1970-10-19 17:44:23');
INSERT INTO `media` (`id`, `media_type_id`, `user_id`, `filename`, `size`, `metadata`, `created_at`, `updated_at`) VALUES (39, 3, 39, 'image/x-portable-pixmap', 0, 'sema', '1979-07-04 05:46:12', '1976-01-12 19:07:03');
INSERT INTO `media` (`id`, `media_type_id`, `user_id`, `filename`, `size`, `metadata`, `created_at`, `updated_at`) VALUES (40, 1, 40, 'application/vnd.kde.karbon', 55584959, 'class', '1998-04-28 15:23:42', '1999-04-05 19:27:06');
INSERT INTO `media` (`id`, `media_type_id`, `user_id`, `filename`, `size`, `metadata`, `created_at`, `updated_at`) VALUES (41, 2, 41, 'video/x-ms-vob', 18, 'sxw', '1996-03-06 22:31:47', '2004-09-25 23:49:03');
INSERT INTO `media` (`id`, `media_type_id`, `user_id`, `filename`, `size`, `metadata`, `created_at`, `updated_at`) VALUES (42, 3, 42, 'application/vnd.flographit', 67, 'obd', '2008-01-31 12:56:52', '2013-11-19 05:22:20');
INSERT INTO `media` (`id`, `media_type_id`, `user_id`, `filename`, `size`, `metadata`, `created_at`, `updated_at`) VALUES (43, 1, 43, 'message/rfc822', 0, 'kpxx', '1970-02-01 16:37:22', '2013-01-04 00:36:22');
INSERT INTO `media` (`id`, `media_type_id`, `user_id`, `filename`, `size`, `metadata`, `created_at`, `updated_at`) VALUES (44, 2, 44, 'image/tiff', 3357, 'bat', '1986-06-14 20:33:01', '1987-11-19 06:51:49');
INSERT INTO `media` (`id`, `media_type_id`, `user_id`, `filename`, `size`, `metadata`, `created_at`, `updated_at`) VALUES (45, 3, 45, 'application/x-stuffit', 402691, 'svgz', '1999-11-22 06:04:50', '1979-08-19 18:03:49');
INSERT INTO `media` (`id`, `media_type_id`, `user_id`, `filename`, `size`, `metadata`, `created_at`, `updated_at`) VALUES (46, 1, 46, 'application/vnd.ahead.space', 39769687, 'bed', '2009-01-15 13:47:40', '1972-09-10 02:32:06');
INSERT INTO `media` (`id`, `media_type_id`, `user_id`, `filename`, `size`, `metadata`, `created_at`, `updated_at`) VALUES (47, 2, 47, 'application/x-silverlight-app', 34, 'vtu', '2002-02-02 06:19:48', '2015-01-17 05:12:08');
INSERT INTO `media` (`id`, `media_type_id`, `user_id`, `filename`, `size`, `metadata`, `created_at`, `updated_at`) VALUES (48, 3, 48, 'application/vnd.triscape.mxs', 7, 'fe_launch', '1977-05-03 19:45:12', '1970-03-23 11:35:16');
INSERT INTO `media` (`id`, `media_type_id`, `user_id`, `filename`, `size`, `metadata`, `created_at`, `updated_at`) VALUES (49, 1, 49, 'application/vnd.oasis.opendocument.text', 777980, 'gif', '2009-03-18 04:30:44', '2005-10-08 18:21:55');
INSERT INTO `media` (`id`, `media_type_id`, `user_id`, `filename`, `size`, `metadata`, `created_at`, `updated_at`) VALUES (50, 2, 50, 'text/x-vcalendar', 10706, 'application', '1978-05-13 05:24:34', '1990-03-11 09:44:35');
INSERT INTO `media` (`id`, `media_type_id`, `user_id`, `filename`, `size`, `metadata`, `created_at`, `updated_at`) VALUES (51, 3, 51, 'application/vnd.mseq', 812132640, 'mmr', '2019-08-13 05:30:50', '2013-10-06 11:57:43');
INSERT INTO `media` (`id`, `media_type_id`, `user_id`, `filename`, `size`, `metadata`, `created_at`, `updated_at`) VALUES (52, 1, 52, 'application/java-archive', 84743351, 'asx', '1986-12-18 03:43:28', '1999-11-10 08:05:35');
INSERT INTO `media` (`id`, `media_type_id`, `user_id`, `filename`, `size`, `metadata`, `created_at`, `updated_at`) VALUES (53, 2, 53, 'application/x-gramps-xml', 9, 'chm', '2010-04-28 08:12:11', '1987-07-05 11:55:52');
INSERT INTO `media` (`id`, `media_type_id`, `user_id`, `filename`, `size`, `metadata`, `created_at`, `updated_at`) VALUES (54, 3, 54, 'application/java-archive', 196153776, 'wml', '1983-07-28 14:37:28', '1973-06-10 14:36:43');
INSERT INTO `media` (`id`, `media_type_id`, `user_id`, `filename`, `size`, `metadata`, `created_at`, `updated_at`) VALUES (55, 1, 55, 'application/vnd.wap.wmlc', 7, 'ras', '1999-05-14 04:52:18', '1981-05-03 06:32:54');
INSERT INTO `media` (`id`, `media_type_id`, `user_id`, `filename`, `size`, `metadata`, `created_at`, `updated_at`) VALUES (56, 2, 56, 'application/vnd.dna', 772296081, 'lrm', '1988-04-25 13:28:19', '1995-08-22 18:15:05');
INSERT INTO `media` (`id`, `media_type_id`, `user_id`, `filename`, `size`, `metadata`, `created_at`, `updated_at`) VALUES (57, 3, 57, 'application/vnd.mozilla.xul+xml', 180, 'cap', '2013-04-11 06:08:26', '1979-10-26 07:23:08');
INSERT INTO `media` (`id`, `media_type_id`, `user_id`, `filename`, `size`, `metadata`, `created_at`, `updated_at`) VALUES (58, 1, 58, 'video/h264', 53314542, 'igs', '2016-09-29 08:26:41', '2002-01-16 18:08:51');
INSERT INTO `media` (`id`, `media_type_id`, `user_id`, `filename`, `size`, `metadata`, `created_at`, `updated_at`) VALUES (59, 2, 59, 'application/vnd.visionary', 36823560, 'fpx', '2006-12-20 21:35:45', '1984-11-12 03:00:00');
INSERT INTO `media` (`id`, `media_type_id`, `user_id`, `filename`, `size`, `metadata`, `created_at`, `updated_at`) VALUES (60, 3, 60, 'text/x-opml', 862085, 'svc', '2003-03-13 15:33:00', '1970-01-02 05:22:19');
INSERT INTO `media` (`id`, `media_type_id`, `user_id`, `filename`, `size`, `metadata`, `created_at`, `updated_at`) VALUES (61, 1, 61, 'image/prs.btif', 1321790, 'tao', '1988-03-21 21:26:12', '2015-03-02 11:47:37');
INSERT INTO `media` (`id`, `media_type_id`, `user_id`, `filename`, `size`, `metadata`, `created_at`, `updated_at`) VALUES (62, 2, 62, 'image/webp', 32831, 'oxt', '2015-11-15 14:43:55', '2008-11-25 17:38:17');
INSERT INTO `media` (`id`, `media_type_id`, `user_id`, `filename`, `size`, `metadata`, `created_at`, `updated_at`) VALUES (63, 3, 63, 'text/calendar', 1808968, 'potx', '2010-07-16 06:35:58', '1990-04-23 13:27:42');
INSERT INTO `media` (`id`, `media_type_id`, `user_id`, `filename`, `size`, `metadata`, `created_at`, `updated_at`) VALUES (64, 1, 64, 'image/vnd.fujixerox.edmics-rlc', 81944870, 'flv', '1987-09-26 01:50:58', '1971-06-29 01:44:56');
INSERT INTO `media` (`id`, `media_type_id`, `user_id`, `filename`, `size`, `metadata`, `created_at`, `updated_at`) VALUES (65, 2, 65, 'application/vnd.dpgraph', 55, 'wav', '2017-09-01 00:46:48', '1975-03-28 23:33:13');
INSERT INTO `media` (`id`, `media_type_id`, `user_id`, `filename`, `size`, `metadata`, `created_at`, `updated_at`) VALUES (66, 3, 66, 'application/rdf+xml', 223086, 'vtu', '2009-03-25 22:59:45', '2005-04-09 03:27:56');
INSERT INTO `media` (`id`, `media_type_id`, `user_id`, `filename`, `size`, `metadata`, `created_at`, `updated_at`) VALUES (67, 1, 67, 'application/xaml+xml', 4842, 'sv4crc', '1981-02-22 20:46:06', '1971-11-16 09:11:07');
INSERT INTO `media` (`id`, `media_type_id`, `user_id`, `filename`, `size`, `metadata`, `created_at`, `updated_at`) VALUES (68, 2, 68, 'application/vnd.sun.xml.calc.template', 583432, 'xvml', '2014-09-15 16:20:06', '1974-08-06 07:48:36');
INSERT INTO `media` (`id`, `media_type_id`, `user_id`, `filename`, `size`, `metadata`, `created_at`, `updated_at`) VALUES (69, 3, 69, 'image/x-portable-bitmap', 4405, 'pgm', '2007-04-20 18:35:08', '1986-05-17 13:29:07');
INSERT INTO `media` (`id`, `media_type_id`, `user_id`, `filename`, `size`, `metadata`, `created_at`, `updated_at`) VALUES (70, 1, 70, 'application/vnd.umajin', 0, 'iges', '2016-05-06 04:11:01', '1992-07-31 04:14:11');
INSERT INTO `media` (`id`, `media_type_id`, `user_id`, `filename`, `size`, `metadata`, `created_at`, `updated_at`) VALUES (71, 2, 71, 'image/x-freehand', 98235, 'zip', '1970-11-19 11:27:46', '1999-10-31 22:31:12');
INSERT INTO `media` (`id`, `media_type_id`, `user_id`, `filename`, `size`, `metadata`, `created_at`, `updated_at`) VALUES (72, 3, 72, 'application/mods+xml', 70, 'wtb', '1989-05-20 12:15:01', '2017-11-16 14:15:55');
INSERT INTO `media` (`id`, `media_type_id`, `user_id`, `filename`, `size`, `metadata`, `created_at`, `updated_at`) VALUES (73, 1, 73, 'image/vnd.ms-photo', 12, 'xif', '2012-08-22 21:19:04', '2004-12-21 05:23:37');
INSERT INTO `media` (`id`, `media_type_id`, `user_id`, `filename`, `size`, `metadata`, `created_at`, `updated_at`) VALUES (74, 2, 74, 'application/vnd.visio', 71, 'sus', '1982-01-04 14:00:35', '1990-01-14 08:18:42');
INSERT INTO `media` (`id`, `media_type_id`, `user_id`, `filename`, `size`, `metadata`, `created_at`, `updated_at`) VALUES (75, 3, 75, 'application/x-ms-wmd', 83, 'xlsb', '1982-05-06 02:18:21', '1972-07-20 02:53:13');
INSERT INTO `media` (`id`, `media_type_id`, `user_id`, `filename`, `size`, `metadata`, `created_at`, `updated_at`) VALUES (76, 1, 76, 'application/vnd.wordperfect', 0, 'blorb', '1970-03-10 01:33:14', '2001-05-23 15:44:25');
INSERT INTO `media` (`id`, `media_type_id`, `user_id`, `filename`, `size`, `metadata`, `created_at`, `updated_at`) VALUES (77, 2, 77, 'model/x3d+vrml', 7807551, 'doc', '1980-08-30 20:44:22', '2008-02-17 04:32:25');
INSERT INTO `media` (`id`, `media_type_id`, `user_id`, `filename`, `size`, `metadata`, `created_at`, `updated_at`) VALUES (78, 3, 78, 'video/quicktime', 5, 'zip', '1970-12-18 08:03:38', '2011-05-24 14:14:06');
INSERT INTO `media` (`id`, `media_type_id`, `user_id`, `filename`, `size`, `metadata`, `created_at`, `updated_at`) VALUES (79, 1, 79, 'video/ogg', 90560896, 'dwf', '1989-03-17 00:25:19', '1987-01-31 20:57:03');
INSERT INTO `media` (`id`, `media_type_id`, `user_id`, `filename`, `size`, `metadata`, `created_at`, `updated_at`) VALUES (80, 2, 80, 'image/x-cmx', 0, 'chrt', '2011-11-04 05:17:08', '2013-01-08 10:43:22');
INSERT INTO `media` (`id`, `media_type_id`, `user_id`, `filename`, `size`, `metadata`, `created_at`, `updated_at`) VALUES (81, 3, 81, 'application/vnd.oasis.opendocument.spreadsheet', 69278, 'svg', '1995-09-29 07:54:38', '2008-01-27 22:58:52');
INSERT INTO `media` (`id`, `media_type_id`, `user_id`, `filename`, `size`, `metadata`, `created_at`, `updated_at`) VALUES (82, 1, 82, 'text/vnd.curl', 176675, 'cryptonote', '1979-08-30 23:23:36', '1984-01-26 00:43:54');
INSERT INTO `media` (`id`, `media_type_id`, `user_id`, `filename`, `size`, `metadata`, `created_at`, `updated_at`) VALUES (83, 2, 83, 'application/pskc+xml', 177902441, 'mets', '2002-10-25 13:37:45', '1988-01-25 10:41:47');
INSERT INTO `media` (`id`, `media_type_id`, `user_id`, `filename`, `size`, `metadata`, `created_at`, `updated_at`) VALUES (84, 3, 84, 'application/vnd.route66.link66+xml', 7, 'tsv', '1979-02-26 22:12:00', '2013-09-21 17:24:37');
INSERT INTO `media` (`id`, `media_type_id`, `user_id`, `filename`, `size`, `metadata`, `created_at`, `updated_at`) VALUES (85, 1, 85, 'image/jpeg', 0, 'ipk', '1993-12-02 08:52:22', '2009-01-13 23:20:27');
INSERT INTO `media` (`id`, `media_type_id`, `user_id`, `filename`, `size`, `metadata`, `created_at`, `updated_at`) VALUES (86, 2, 86, 'application/x-shockwave-flash', 63, 'hlp', '1980-02-03 11:32:26', '1972-02-27 01:56:45');
INSERT INTO `media` (`id`, `media_type_id`, `user_id`, `filename`, `size`, `metadata`, `created_at`, `updated_at`) VALUES (87, 3, 87, 'application/x-shar', 0, 'ico', '1979-03-25 01:32:01', '2017-01-24 00:49:24');
INSERT INTO `media` (`id`, `media_type_id`, `user_id`, `filename`, `size`, `metadata`, `created_at`, `updated_at`) VALUES (88, 1, 88, 'audio/x-ms-wma', 949490740, 'rtf', '1972-11-17 20:43:56', '1987-06-19 07:13:24');
INSERT INTO `media` (`id`, `media_type_id`, `user_id`, `filename`, `size`, `metadata`, `created_at`, `updated_at`) VALUES (89, 2, 89, 'text/x-pascal', 715145603, 'nml', '2016-10-01 17:48:04', '1997-12-24 22:40:09');
INSERT INTO `media` (`id`, `media_type_id`, `user_id`, `filename`, `size`, `metadata`, `created_at`, `updated_at`) VALUES (90, 3, 90, 'text/csv', 607, 'rm', '2008-12-05 13:44:40', '2018-08-12 12:03:58');
INSERT INTO `media` (`id`, `media_type_id`, `user_id`, `filename`, `size`, `metadata`, `created_at`, `updated_at`) VALUES (91, 1, 91, 'video/jpm', 9, 'dd2', '2005-06-14 04:29:40', '2010-06-30 21:51:11');
INSERT INTO `media` (`id`, `media_type_id`, `user_id`, `filename`, `size`, `metadata`, `created_at`, `updated_at`) VALUES (92, 2, 92, 'application/ogg', 153837, 'mxml', '2004-07-21 10:01:33', '1984-09-16 06:09:12');
INSERT INTO `media` (`id`, `media_type_id`, `user_id`, `filename`, `size`, `metadata`, `created_at`, `updated_at`) VALUES (93, 3, 93, 'text/vnd.in3d.spot', 3401, 'mxu', '2019-08-25 15:54:21', '2000-10-10 05:07:07');
INSERT INTO `media` (`id`, `media_type_id`, `user_id`, `filename`, `size`, `metadata`, `created_at`, `updated_at`) VALUES (94, 1, 94, 'application/mp4', 1880513, 'vtu', '1982-06-11 02:33:40', '2011-07-28 08:49:03');
INSERT INTO `media` (`id`, `media_type_id`, `user_id`, `filename`, `size`, `metadata`, `created_at`, `updated_at`) VALUES (95, 2, 95, 'application/x-glulx', 5, 'mseed', '1985-09-07 22:24:39', '1977-11-10 06:46:50');
INSERT INTO `media` (`id`, `media_type_id`, `user_id`, `filename`, `size`, `metadata`, `created_at`, `updated_at`) VALUES (96, 3, 96, 'application/vnd.tcpdump.pcap', 8696, 'cab', '2003-02-10 01:08:24', '2010-12-21 02:01:40');
INSERT INTO `media` (`id`, `media_type_id`, `user_id`, `filename`, `size`, `metadata`, `created_at`, `updated_at`) VALUES (97, 1, 97, 'application/vnd.oasis.opendocument.text', 993188, 'snd', '1979-03-25 09:11:30', '2018-09-26 04:33:32');
INSERT INTO `media` (`id`, `media_type_id`, `user_id`, `filename`, `size`, `metadata`, `created_at`, `updated_at`) VALUES (98, 2, 98, 'application/vnd.ms-excel.sheet.binary.macroenabled.12', 476, 'scm', '1973-09-23 10:19:57', '1986-03-21 16:00:36');
INSERT INTO `media` (`id`, `media_type_id`, `user_id`, `filename`, `size`, `metadata`, `created_at`, `updated_at`) VALUES (99, 3, 99, 'application/vnd.ms-wpl', 217669422, 'ssf', '1981-05-22 12:17:17', '1999-09-20 21:58:58');
INSERT INTO `media` (`id`, `media_type_id`, `user_id`, `filename`, `size`, `metadata`, `created_at`, `updated_at`) VALUES (100, 1, 100, 'application/vnd.lotus-notes', 17, 'sv4cpio', '2005-07-27 18:15:53', '1974-11-22 13:11:03');


#
# TABLE STRUCTURE FOR: media_types
#

DROP TABLE IF EXISTS `media_types`;

CREATE TABLE `media_types` (
  `id` int(10) unsigned NOT NULL AUTO_INCREMENT,
  `name` varchar(255) COLLATE utf8_unicode_ci NOT NULL,
  PRIMARY KEY (`id`),
  UNIQUE KEY `name` (`name`)
) ENGINE=InnoDB AUTO_INCREMENT=4 DEFAULT CHARSET=utf8 COLLATE=utf8_unicode_ci;

INSERT INTO `media_types` (`id`, `name`) VALUES (2, ' track');
INSERT INTO `media_types` (`id`, `name`) VALUES (1, ' video');
INSERT INTO `media_types` (`id`, `name`) VALUES (3, 'photo');


#
# TABLE STRUCTURE FOR: messages
#

DROP TABLE IF EXISTS `messages`;

CREATE TABLE `messages` (
  `id` int(10) unsigned NOT NULL AUTO_INCREMENT,
  `from_user_id` int(10) unsigned NOT NULL,
  `to_user_id` int(10) unsigned NOT NULL,
  `body` text COLLATE utf8_unicode_ci NOT NULL,
  `is_important` tinyint(1) DEFAULT NULL,
  `is_delivered` tinyint(1) DEFAULT NULL,
  `created_at` datetime DEFAULT current_timestamp(),
  PRIMARY KEY (`id`)
) ENGINE=InnoDB AUTO_INCREMENT=101 DEFAULT CHARSET=utf8 COLLATE=utf8_unicode_ci;

INSERT INTO `messages` (`id`, `from_user_id`, `to_user_id`, `body`, `is_important`, `is_delivered`, `created_at`) VALUES (1, 1, 1, 'Illo soluta ipsam architecto voluptatem. Earum eligendi magni aut deserunt consequatur ut qui. Et autem quo hic nostrum. Repellendus fugit sapiente soluta impedit ullam praesentium illo.', 1, 0, '1987-10-08 23:37:24');
INSERT INTO `messages` (`id`, `from_user_id`, `to_user_id`, `body`, `is_important`, `is_delivered`, `created_at`) VALUES (2, 2, 2, 'Et quo iusto voluptatem voluptatem molestiae. Velit in rem tenetur veritatis. Praesentium provident delectus neque a. Quia incidunt incidunt sit aut ea et repellendus.', 0, 0, '2014-11-26 05:21:17');
INSERT INTO `messages` (`id`, `from_user_id`, `to_user_id`, `body`, `is_important`, `is_delivered`, `created_at`) VALUES (3, 3, 3, 'Maiores corrupti iusto qui cumque blanditiis error. Ad ut voluptatem repellat maiores.', 0, 1, '1983-04-11 01:01:37');
INSERT INTO `messages` (`id`, `from_user_id`, `to_user_id`, `body`, `is_important`, `is_delivered`, `created_at`) VALUES (4, 4, 4, 'Deserunt voluptate sint facilis eaque repellendus dolorem veritatis. Ipsum est atque aut fuga atque excepturi cupiditate. Animi quidem aut laboriosam sit. Et aliquid totam sint corrupti labore voluptatibus. Laboriosam voluptates suscipit possimus esse rerum voluptas voluptatem.', 1, 0, '2018-12-11 22:25:01');
INSERT INTO `messages` (`id`, `from_user_id`, `to_user_id`, `body`, `is_important`, `is_delivered`, `created_at`) VALUES (5, 5, 5, 'Suscipit autem nostrum et eos sit qui ea. Et aut aliquid molestiae qui deserunt. Earum vel quia voluptatum praesentium nam placeat. Excepturi dolore eum possimus qui error nesciunt. Vel dolor occaecati non in pariatur animi.', 0, 1, '1972-09-17 21:09:21');
INSERT INTO `messages` (`id`, `from_user_id`, `to_user_id`, `body`, `is_important`, `is_delivered`, `created_at`) VALUES (6, 6, 6, 'Error quia ut earum est aut. Voluptatibus inventore eveniet exercitationem quam ea est sunt necessitatibus. Architecto tempore quidem sit.', 1, 1, '2008-03-23 05:07:57');
INSERT INTO `messages` (`id`, `from_user_id`, `to_user_id`, `body`, `is_important`, `is_delivered`, `created_at`) VALUES (7, 7, 7, 'Architecto maiores consequatur ratione assumenda blanditiis dicta. Quod et quia impedit nihil. Laboriosam cupiditate quo nisi illum deleniti officia reprehenderit. Corrupti quis rerum ut similique voluptas quia aspernatur. Et ullam nam est voluptatem.', 1, 0, '1971-08-07 08:48:49');
INSERT INTO `messages` (`id`, `from_user_id`, `to_user_id`, `body`, `is_important`, `is_delivered`, `created_at`) VALUES (8, 8, 8, 'Placeat aut dicta ea suscipit sed sunt laudantium. Tempore accusamus dignissimos libero sit molestiae facere. Et laborum eveniet voluptas sapiente omnis ad numquam.', 1, 1, '2016-08-20 14:33:20');
INSERT INTO `messages` (`id`, `from_user_id`, `to_user_id`, `body`, `is_important`, `is_delivered`, `created_at`) VALUES (9, 9, 9, 'Placeat doloribus qui libero perferendis quia. Quisquam rerum eos velit eligendi beatae mollitia. Eos sit quidem nulla debitis. Exercitationem eum et impedit atque fugiat in. Occaecati earum sunt enim eum.', 0, 0, '1989-10-28 04:25:57');
INSERT INTO `messages` (`id`, `from_user_id`, `to_user_id`, `body`, `is_important`, `is_delivered`, `created_at`) VALUES (10, 10, 10, 'Itaque debitis distinctio labore reiciendis aut ullam. Porro nam ut maiores et consequatur consequatur ratione. Aliquam qui dolorum totam asperiores vel vel.', 0, 1, '1978-07-21 21:38:25');
INSERT INTO `messages` (`id`, `from_user_id`, `to_user_id`, `body`, `is_important`, `is_delivered`, `created_at`) VALUES (11, 11, 11, 'Et quod culpa labore. Dolorem eos quo impedit adipisci exercitationem magni aut. Quam qui consequatur voluptates in placeat et quae distinctio.', 0, 0, '1995-07-31 14:48:05');
INSERT INTO `messages` (`id`, `from_user_id`, `to_user_id`, `body`, `is_important`, `is_delivered`, `created_at`) VALUES (12, 12, 12, 'Ut blanditiis eos quam odit rem assumenda. Et officiis accusamus iste nihil tenetur.', 1, 1, '1998-06-27 18:15:55');
INSERT INTO `messages` (`id`, `from_user_id`, `to_user_id`, `body`, `is_important`, `is_delivered`, `created_at`) VALUES (13, 13, 13, 'Id nobis nulla rerum adipisci est eos expedita in. Magni ut consequatur dignissimos nesciunt ab vel. Doloremque officia eum ut repellat. Est ut vero expedita corporis ullam.', 0, 0, '1984-12-30 00:24:33');
INSERT INTO `messages` (`id`, `from_user_id`, `to_user_id`, `body`, `is_important`, `is_delivered`, `created_at`) VALUES (14, 14, 14, 'Sunt alias perspiciatis nemo tempora consequatur. Quis rerum et quam placeat. Quibusdam aut sunt voluptatibus ab omnis. Blanditiis dolorem repellendus amet tenetur totam deserunt laboriosam.', 1, 0, '2019-01-18 18:28:31');
INSERT INTO `messages` (`id`, `from_user_id`, `to_user_id`, `body`, `is_important`, `is_delivered`, `created_at`) VALUES (15, 15, 15, 'Sit similique ea saepe quasi sapiente numquam aut. Repudiandae rerum minus doloremque dolor. Incidunt eos sapiente architecto impedit perferendis repellendus nihil.', 0, 1, '1994-05-29 11:47:12');
INSERT INTO `messages` (`id`, `from_user_id`, `to_user_id`, `body`, `is_important`, `is_delivered`, `created_at`) VALUES (16, 16, 16, 'Itaque perspiciatis quos illum voluptates molestiae et rem. Sed labore quis dolores vel reprehenderit explicabo quo sed. Enim eius et laboriosam voluptatibus dignissimos repellat voluptates.', 0, 1, '1988-01-27 16:57:36');
INSERT INTO `messages` (`id`, `from_user_id`, `to_user_id`, `body`, `is_important`, `is_delivered`, `created_at`) VALUES (17, 17, 17, 'Enim vero non nobis vitae est nostrum non. Similique eos est quia vel ut tempore dolorem. Qui id tenetur qui quisquam consequatur. Iste repellat cum veniam.', 1, 1, '1985-12-01 12:44:42');
INSERT INTO `messages` (`id`, `from_user_id`, `to_user_id`, `body`, `is_important`, `is_delivered`, `created_at`) VALUES (18, 18, 18, 'Accusantium officiis et ea blanditiis et. Veritatis voluptatem sit nam sed ut. Mollitia quaerat molestias quo quia recusandae quia. Hic officia dolore distinctio expedita magni.', 1, 1, '2009-08-08 23:16:12');
INSERT INTO `messages` (`id`, `from_user_id`, `to_user_id`, `body`, `is_important`, `is_delivered`, `created_at`) VALUES (19, 19, 19, 'Ea quo aperiam sint voluptas debitis numquam quia molestias. Nostrum et magni molestiae ratione ea et dolorum et. Cumque nobis nam dolorum fugit adipisci. Totam alias praesentium sint est earum.', 0, 0, '2004-08-28 12:25:39');
INSERT INTO `messages` (`id`, `from_user_id`, `to_user_id`, `body`, `is_important`, `is_delivered`, `created_at`) VALUES (20, 20, 20, 'Ducimus sint nesciunt cupiditate voluptate architecto voluptatem voluptatem. Quibusdam aperiam iste id repellendus voluptatem asperiores necessitatibus recusandae. Et nostrum cumque fugiat iste.', 0, 1, '1972-11-20 04:28:06');
INSERT INTO `messages` (`id`, `from_user_id`, `to_user_id`, `body`, `is_important`, `is_delivered`, `created_at`) VALUES (21, 21, 21, 'Quis ut maiores nihil quae. Reiciendis laboriosam eveniet aut corporis repellat eveniet possimus perferendis. Nam sit molestiae perspiciatis soluta rerum in autem. Illum incidunt voluptates laudantium error vero sed.', 1, 1, '1993-09-26 06:03:19');
INSERT INTO `messages` (`id`, `from_user_id`, `to_user_id`, `body`, `is_important`, `is_delivered`, `created_at`) VALUES (22, 22, 22, 'Aspernatur aut sunt sint voluptatibus rerum suscipit accusamus. Quis error quod dignissimos illo expedita. Expedita corporis nobis consequatur ut ut quas. Excepturi est illum pariatur eos et. Molestias illum eos mollitia earum quibusdam.', 1, 1, '1987-03-26 15:48:03');
INSERT INTO `messages` (`id`, `from_user_id`, `to_user_id`, `body`, `is_important`, `is_delivered`, `created_at`) VALUES (23, 23, 23, 'Neque nesciunt qui aut ut alias omnis. Voluptates blanditiis alias qui provident impedit. Eligendi dolore fugit aperiam laboriosam deserunt autem officia.', 1, 1, '1975-05-15 19:47:42');
INSERT INTO `messages` (`id`, `from_user_id`, `to_user_id`, `body`, `is_important`, `is_delivered`, `created_at`) VALUES (24, 24, 24, 'Eligendi fugiat ipsam ab corporis. Et voluptas et a ut. Et voluptatem velit dolore voluptates et.', 0, 1, '2003-09-07 02:59:52');
INSERT INTO `messages` (`id`, `from_user_id`, `to_user_id`, `body`, `is_important`, `is_delivered`, `created_at`) VALUES (25, 25, 25, 'Qui nisi quia sequi veniam eaque omnis ipsam. Nihil tenetur nemo ea earum. Et explicabo odio sunt sit autem. Recusandae tempore earum rerum expedita laborum.', 0, 1, '1971-07-28 02:40:12');
INSERT INTO `messages` (`id`, `from_user_id`, `to_user_id`, `body`, `is_important`, `is_delivered`, `created_at`) VALUES (26, 26, 26, 'Consequatur est quo dolores eius ducimus. Itaque repellat est in accusantium debitis eveniet sint impedit. In rerum fugiat est recusandae aperiam est illo. Nihil commodi amet consequuntur. Laborum aliquam consequatur consectetur sunt cum.', 0, 0, '1996-08-02 06:59:44');
INSERT INTO `messages` (`id`, `from_user_id`, `to_user_id`, `body`, `is_important`, `is_delivered`, `created_at`) VALUES (27, 27, 27, 'Voluptatum delectus incidunt cumque sint sunt voluptatem asperiores non. Qui voluptatem consequatur quidem ipsa non ut laudantium. Omnis qui harum modi odio voluptatem voluptatem. Maiores molestias eius voluptas libero aliquam nobis.', 0, 1, '2009-11-07 13:32:33');
INSERT INTO `messages` (`id`, `from_user_id`, `to_user_id`, `body`, `is_important`, `is_delivered`, `created_at`) VALUES (28, 28, 28, 'Labore ipsam tempore modi itaque incidunt enim. Quisquam facilis quo soluta est inventore quaerat. Soluta voluptas illo suscipit quaerat ut.', 1, 0, '1975-06-09 01:12:36');
INSERT INTO `messages` (`id`, `from_user_id`, `to_user_id`, `body`, `is_important`, `is_delivered`, `created_at`) VALUES (29, 29, 29, 'Enim saepe et omnis quis debitis. Dolores incidunt et aut. Necessitatibus perspiciatis error quidem voluptas ut autem et dolore. Quia in voluptatem quia aut.', 1, 0, '1973-04-11 04:28:30');
INSERT INTO `messages` (`id`, `from_user_id`, `to_user_id`, `body`, `is_important`, `is_delivered`, `created_at`) VALUES (30, 30, 30, 'Illum nihil quia atque maxime eos odit. Consectetur pariatur laborum labore temporibus. Sed voluptas similique sint repellat repellendus nam qui.', 1, 1, '1975-10-10 11:23:58');
INSERT INTO `messages` (`id`, `from_user_id`, `to_user_id`, `body`, `is_important`, `is_delivered`, `created_at`) VALUES (31, 31, 31, 'Accusantium autem sint aut expedita reiciendis. Impedit voluptas ducimus quam pariatur et et. Illum aut asperiores expedita et dolores dicta doloribus ipsa.', 1, 1, '1992-08-26 19:23:49');
INSERT INTO `messages` (`id`, `from_user_id`, `to_user_id`, `body`, `is_important`, `is_delivered`, `created_at`) VALUES (32, 32, 32, 'Et laboriosam cumque ut sunt. Ex aut et molestias qui autem. Non rerum sed quia aperiam dolores quibusdam.', 0, 1, '1996-02-15 17:36:02');
INSERT INTO `messages` (`id`, `from_user_id`, `to_user_id`, `body`, `is_important`, `is_delivered`, `created_at`) VALUES (33, 33, 33, 'Est veniam beatae quaerat tenetur. Nemo qui molestias voluptas maiores et. Eveniet mollitia voluptatem praesentium.', 1, 0, '1986-03-22 01:05:00');
INSERT INTO `messages` (`id`, `from_user_id`, `to_user_id`, `body`, `is_important`, `is_delivered`, `created_at`) VALUES (34, 34, 34, 'Soluta nostrum excepturi placeat minus. Dolores beatae voluptatem facere minus accusamus sed ab eum. Error dolor rerum aliquam et non.', 0, 0, '1971-01-10 13:48:42');
INSERT INTO `messages` (`id`, `from_user_id`, `to_user_id`, `body`, `is_important`, `is_delivered`, `created_at`) VALUES (35, 35, 35, 'Reprehenderit saepe labore possimus illo. Odit sed velit id nisi velit necessitatibus veritatis. In quae nostrum voluptatem a omnis saepe aut. Velit consequatur cumque veritatis et animi veniam.', 0, 1, '1974-07-14 02:22:29');
INSERT INTO `messages` (`id`, `from_user_id`, `to_user_id`, `body`, `is_important`, `is_delivered`, `created_at`) VALUES (36, 36, 36, 'Reiciendis nobis reprehenderit nisi vel et. Blanditiis voluptatum id consequuntur quia dolorem. Dolorum assumenda quo vero nobis. Est molestias fugit perferendis magni.', 1, 0, '2001-09-02 07:02:07');
INSERT INTO `messages` (`id`, `from_user_id`, `to_user_id`, `body`, `is_important`, `is_delivered`, `created_at`) VALUES (37, 37, 37, 'Quibusdam excepturi recusandae velit ipsam perferendis quidem dolore ad. Rem aspernatur voluptatem fuga mollitia aut. Reiciendis eos ut est consequatur molestiae reprehenderit.', 1, 1, '1971-05-14 08:35:42');
INSERT INTO `messages` (`id`, `from_user_id`, `to_user_id`, `body`, `is_important`, `is_delivered`, `created_at`) VALUES (38, 38, 38, 'Assumenda rem veniam consequatur sit aut qui. Iure necessitatibus eius rerum. Eaque fugit similique quidem ad ut. Nihil recusandae similique iste esse.', 0, 1, '2015-03-20 18:39:46');
INSERT INTO `messages` (`id`, `from_user_id`, `to_user_id`, `body`, `is_important`, `is_delivered`, `created_at`) VALUES (39, 39, 39, 'Maiores totam quo delectus amet animi quisquam. Eum sint explicabo illum repudiandae occaecati. Et officia et debitis excepturi quaerat aut. Ipsa tenetur porro et rerum.', 0, 0, '1973-06-12 19:53:06');
INSERT INTO `messages` (`id`, `from_user_id`, `to_user_id`, `body`, `is_important`, `is_delivered`, `created_at`) VALUES (40, 40, 40, 'Et excepturi laudantium occaecati ipsum laboriosam pariatur. Non vitae sit magni tempore ullam. Perferendis id adipisci eos eum voluptatum alias. Perferendis odit autem ipsam.', 1, 1, '1988-07-08 21:13:20');
INSERT INTO `messages` (`id`, `from_user_id`, `to_user_id`, `body`, `is_important`, `is_delivered`, `created_at`) VALUES (41, 41, 41, 'Voluptates nihil ut minima nihil. Qui molestias dignissimos eos qui voluptate minus. Libero nobis ea sed corporis quaerat exercitationem praesentium. Qui et corporis natus error. Maiores dolor nesciunt quisquam id aut omnis.', 0, 0, '2007-03-14 04:41:32');
INSERT INTO `messages` (`id`, `from_user_id`, `to_user_id`, `body`, `is_important`, `is_delivered`, `created_at`) VALUES (42, 42, 42, 'Rerum qui veritatis voluptas. Aliquam dolor ut ex reiciendis et. Non aliquid veritatis sed voluptas. Qui itaque ad autem nisi.', 0, 1, '1977-11-09 18:11:03');
INSERT INTO `messages` (`id`, `from_user_id`, `to_user_id`, `body`, `is_important`, `is_delivered`, `created_at`) VALUES (43, 43, 43, 'Nulla ut totam et sed dolor blanditiis unde. Sed fugiat quasi est qui nobis quaerat. Neque consectetur provident repudiandae ut eligendi aperiam.', 1, 1, '1974-04-15 22:33:53');
INSERT INTO `messages` (`id`, `from_user_id`, `to_user_id`, `body`, `is_important`, `is_delivered`, `created_at`) VALUES (44, 44, 44, 'In quibusdam est placeat incidunt ut est eligendi. Esse cumque veritatis necessitatibus debitis a ducimus. Vel id possimus rerum voluptas molestiae. Temporibus aut ducimus enim saepe veniam.', 0, 0, '1971-12-03 02:12:44');
INSERT INTO `messages` (`id`, `from_user_id`, `to_user_id`, `body`, `is_important`, `is_delivered`, `created_at`) VALUES (45, 45, 45, 'Ut iste voluptatibus iste rerum. Et voluptatem iusto et. Impedit nobis sint beatae cumque sed eaque.', 0, 1, '1988-10-27 02:27:59');
INSERT INTO `messages` (`id`, `from_user_id`, `to_user_id`, `body`, `is_important`, `is_delivered`, `created_at`) VALUES (46, 46, 46, 'Facere animi vel placeat voluptatibus. Officia nihil est sit. Modi eius commodi molestiae voluptatem aut maiores qui. Aperiam atque quidem eligendi vero nam excepturi. Voluptatem dolores est laudantium sint.', 0, 1, '1980-05-07 15:07:47');
INSERT INTO `messages` (`id`, `from_user_id`, `to_user_id`, `body`, `is_important`, `is_delivered`, `created_at`) VALUES (47, 47, 47, 'Quasi quis facilis et cumque aut doloribus eos. Ullam enim quo a earum et voluptatum. Cumque nostrum et fugit sit officiis magni facere. Quae maiores animi enim quas commodi dolorum.', 0, 1, '2010-02-02 00:23:19');
INSERT INTO `messages` (`id`, `from_user_id`, `to_user_id`, `body`, `is_important`, `is_delivered`, `created_at`) VALUES (48, 48, 48, 'Dolores nemo non eum nulla tenetur. Qui quam porro recusandae veniam dolorum. Sapiente doloremque ea voluptas maiores totam ipsa. Et quia vel expedita sit.', 1, 1, '1985-02-16 16:56:27');
INSERT INTO `messages` (`id`, `from_user_id`, `to_user_id`, `body`, `is_important`, `is_delivered`, `created_at`) VALUES (49, 49, 49, 'Similique occaecati officiis a rerum et animi. Enim eius consequuntur soluta. Amet dolores quo non. Molestiae in rerum cum omnis rerum mollitia.', 1, 1, '1994-11-26 11:31:04');
INSERT INTO `messages` (`id`, `from_user_id`, `to_user_id`, `body`, `is_important`, `is_delivered`, `created_at`) VALUES (50, 50, 50, 'Molestias est ut voluptas. Quo tempora deserunt numquam et sint. Ipsam et consequatur consequatur eaque. Eligendi eligendi mollitia beatae rerum aliquid.', 1, 1, '1988-12-02 18:12:00');
INSERT INTO `messages` (`id`, `from_user_id`, `to_user_id`, `body`, `is_important`, `is_delivered`, `created_at`) VALUES (51, 51, 51, 'Commodi quis non temporibus itaque ad nihil voluptatum. Beatae officiis eaque necessitatibus repudiandae dolor quis. Perferendis vero facilis suscipit veritatis soluta repudiandae. Assumenda dolores enim tempora voluptatibus sed mollitia.', 1, 1, '2000-10-13 05:21:54');
INSERT INTO `messages` (`id`, `from_user_id`, `to_user_id`, `body`, `is_important`, `is_delivered`, `created_at`) VALUES (52, 52, 52, 'Neque velit adipisci placeat quam. Et aut eos labore ut dicta tempora et adipisci. Magni quam aliquam est debitis velit praesentium.', 0, 0, '1979-09-01 21:36:15');
INSERT INTO `messages` (`id`, `from_user_id`, `to_user_id`, `body`, `is_important`, `is_delivered`, `created_at`) VALUES (53, 53, 53, 'Sint est voluptatem vel reprehenderit minus quia. Sunt omnis error dolorem et omnis laborum sunt. Illo magnam omnis culpa a aut. Aliquid ex ullam odit modi qui eum non.', 1, 0, '2006-07-05 06:07:55');
INSERT INTO `messages` (`id`, `from_user_id`, `to_user_id`, `body`, `is_important`, `is_delivered`, `created_at`) VALUES (54, 54, 54, 'Quibusdam qui eum sit qui perspiciatis unde. Quos occaecati impedit magni consequatur dolorum ex. Rerum architecto necessitatibus soluta qui reiciendis unde.', 0, 0, '2005-09-02 12:36:42');
INSERT INTO `messages` (`id`, `from_user_id`, `to_user_id`, `body`, `is_important`, `is_delivered`, `created_at`) VALUES (55, 55, 55, 'Corrupti et nam qui repellendus dolores consectetur. Placeat sint enim veniam ea quo sit voluptate. Doloremque quis ad dolores quas et eum. Possimus perferendis labore dolorem odio non quos ipsum.', 0, 1, '1983-06-16 05:13:43');
INSERT INTO `messages` (`id`, `from_user_id`, `to_user_id`, `body`, `is_important`, `is_delivered`, `created_at`) VALUES (56, 56, 56, 'Quis non odio molestiae cum repudiandae magni quo. Ut non rerum voluptas est praesentium dolores. Assumenda est sequi quia atque doloremque mollitia.', 0, 1, '2011-02-10 02:22:08');
INSERT INTO `messages` (`id`, `from_user_id`, `to_user_id`, `body`, `is_important`, `is_delivered`, `created_at`) VALUES (57, 57, 57, 'Consequatur ut dolorem accusantium qui. Ratione nam delectus nisi. Qui dolorum est voluptas qui.', 1, 1, '1987-11-20 23:25:31');
INSERT INTO `messages` (`id`, `from_user_id`, `to_user_id`, `body`, `is_important`, `is_delivered`, `created_at`) VALUES (58, 58, 58, 'Voluptas omnis reprehenderit nobis sint dolore quo consequatur ab. Laboriosam in in voluptas magnam. Et assumenda minima accusamus facilis animi qui quaerat. Enim et consectetur dolor voluptatum quo. Aliquam quia aut fuga labore.', 1, 0, '2011-12-28 03:12:18');
INSERT INTO `messages` (`id`, `from_user_id`, `to_user_id`, `body`, `is_important`, `is_delivered`, `created_at`) VALUES (59, 59, 59, 'Aliquam tempora voluptates laborum qui omnis quia molestiae. Molestias laudantium qui facere architecto molestiae velit. Qui eum incidunt debitis quia et.', 0, 0, '2007-05-20 01:51:18');
INSERT INTO `messages` (`id`, `from_user_id`, `to_user_id`, `body`, `is_important`, `is_delivered`, `created_at`) VALUES (60, 60, 60, 'Quas alias autem esse autem. Illum qui rerum repellendus adipisci nisi. Sint neque aut nam corporis.', 0, 1, '1970-04-15 00:56:32');
INSERT INTO `messages` (`id`, `from_user_id`, `to_user_id`, `body`, `is_important`, `is_delivered`, `created_at`) VALUES (61, 61, 61, 'Neque et exercitationem qui quod. Enim vero tenetur consectetur voluptatem quo qui assumenda. Est rerum nemo eius sed minus. Quibusdam quae blanditiis omnis asperiores voluptas.', 1, 1, '2018-03-25 02:44:38');
INSERT INTO `messages` (`id`, `from_user_id`, `to_user_id`, `body`, `is_important`, `is_delivered`, `created_at`) VALUES (62, 62, 62, 'Perspiciatis recusandae assumenda autem ipsum id non et. Aut temporibus qui inventore ea rem. Voluptate facilis saepe veritatis alias. Nobis ut eaque esse odit.', 1, 0, '1989-01-19 23:13:55');
INSERT INTO `messages` (`id`, `from_user_id`, `to_user_id`, `body`, `is_important`, `is_delivered`, `created_at`) VALUES (63, 63, 63, 'Iure odit dicta a aut corporis iure ut. Ut eum velit sit voluptatem eveniet provident. Qui ducimus ad eaque impedit.', 1, 0, '2004-09-09 05:49:48');
INSERT INTO `messages` (`id`, `from_user_id`, `to_user_id`, `body`, `is_important`, `is_delivered`, `created_at`) VALUES (64, 64, 64, 'Quasi impedit cumque aperiam amet nesciunt exercitationem et. Ex et est consectetur pariatur veritatis animi tempore ratione. Quia officia enim molestias distinctio.', 1, 0, '2019-04-11 10:40:38');
INSERT INTO `messages` (`id`, `from_user_id`, `to_user_id`, `body`, `is_important`, `is_delivered`, `created_at`) VALUES (65, 65, 65, 'Aliquid incidunt vero in aliquid distinctio aspernatur. Perspiciatis et nemo cupiditate. Reprehenderit qui quaerat suscipit qui eius. Unde itaque velit doloremque recusandae.', 0, 0, '1973-08-23 10:54:29');
INSERT INTO `messages` (`id`, `from_user_id`, `to_user_id`, `body`, `is_important`, `is_delivered`, `created_at`) VALUES (66, 66, 66, 'Tempora atque sed explicabo blanditiis similique. Expedita nihil fugiat ullam ut sit. Aut odio dolorem optio porro.', 0, 0, '1998-12-26 18:55:55');
INSERT INTO `messages` (`id`, `from_user_id`, `to_user_id`, `body`, `is_important`, `is_delivered`, `created_at`) VALUES (67, 67, 67, 'Eum ratione vero est et voluptatibus atque. Quibusdam voluptatem voluptatem maxime sint quidem quo labore reprehenderit. Ipsa est perspiciatis consequuntur est autem et. Sequi doloremque rerum recusandae voluptatem.', 0, 1, '1976-10-03 16:12:20');
INSERT INTO `messages` (`id`, `from_user_id`, `to_user_id`, `body`, `is_important`, `is_delivered`, `created_at`) VALUES (68, 68, 68, 'Odit iusto minima inventore et non exercitationem in quia. Fugiat sunt et rerum quod labore sit rem. Architecto hic exercitationem incidunt accusamus maiores recusandae officiis.', 0, 1, '1972-05-06 15:39:32');
INSERT INTO `messages` (`id`, `from_user_id`, `to_user_id`, `body`, `is_important`, `is_delivered`, `created_at`) VALUES (69, 69, 69, 'Quam quis qui laboriosam quis repudiandae laborum voluptatem ut. Tempore occaecati doloribus enim molestiae saepe consequuntur at. Eveniet placeat sit voluptates eligendi accusantium debitis.', 0, 1, '2012-08-27 04:49:22');
INSERT INTO `messages` (`id`, `from_user_id`, `to_user_id`, `body`, `is_important`, `is_delivered`, `created_at`) VALUES (70, 70, 70, 'Exercitationem et fugit tenetur dolorum. Quam dolorum modi cum odit odio. Incidunt et exercitationem perspiciatis dolor accusamus sunt in voluptatem. Soluta voluptatum dolorum optio.', 0, 0, '2000-03-04 23:28:50');
INSERT INTO `messages` (`id`, `from_user_id`, `to_user_id`, `body`, `is_important`, `is_delivered`, `created_at`) VALUES (71, 71, 71, 'Autem tempora nihil non eum. Est eos sed vel accusantium.', 1, 0, '1979-04-05 09:14:15');
INSERT INTO `messages` (`id`, `from_user_id`, `to_user_id`, `body`, `is_important`, `is_delivered`, `created_at`) VALUES (72, 72, 72, 'Distinctio eum voluptatibus consectetur nisi adipisci doloremque. Officiis ipsa eum eos omnis fugiat asperiores rerum. Distinctio reiciendis ullam perspiciatis et.', 1, 1, '1978-02-25 08:06:43');
INSERT INTO `messages` (`id`, `from_user_id`, `to_user_id`, `body`, `is_important`, `is_delivered`, `created_at`) VALUES (73, 73, 73, 'Eum non cumque officia adipisci. Aut nam incidunt aut. Porro non commodi in.', 0, 1, '1986-05-22 23:37:01');
INSERT INTO `messages` (`id`, `from_user_id`, `to_user_id`, `body`, `is_important`, `is_delivered`, `created_at`) VALUES (74, 74, 74, 'Non culpa consequatur delectus laudantium perspiciatis rerum. Blanditiis quasi consectetur ipsam architecto qui. Totam id ipsam necessitatibus voluptatem.', 1, 1, '2017-06-03 13:33:19');
INSERT INTO `messages` (`id`, `from_user_id`, `to_user_id`, `body`, `is_important`, `is_delivered`, `created_at`) VALUES (75, 75, 75, 'Voluptas esse officiis et vel ipsa. Officia officia saepe ea quae hic et. Qui quaerat eaque rerum id nihil.', 0, 0, '2006-09-24 11:01:40');
INSERT INTO `messages` (`id`, `from_user_id`, `to_user_id`, `body`, `is_important`, `is_delivered`, `created_at`) VALUES (76, 76, 76, 'Eius error autem id quo quam enim porro. Et quasi ipsum provident nihil dolores quam et quos.', 1, 1, '2016-10-22 16:29:06');
INSERT INTO `messages` (`id`, `from_user_id`, `to_user_id`, `body`, `is_important`, `is_delivered`, `created_at`) VALUES (77, 77, 77, 'Illum sint nihil omnis quisquam. Totam quo esse facere. Laudantium est exercitationem fugit consequuntur.', 0, 0, '2010-04-07 22:23:33');
INSERT INTO `messages` (`id`, `from_user_id`, `to_user_id`, `body`, `is_important`, `is_delivered`, `created_at`) VALUES (78, 78, 78, 'Ut velit sit facere ut. Ab eum voluptatum nesciunt corrupti in sint nemo. Consequatur odio pariatur voluptates omnis distinctio nesciunt.', 0, 1, '1995-12-27 00:20:15');
INSERT INTO `messages` (`id`, `from_user_id`, `to_user_id`, `body`, `is_important`, `is_delivered`, `created_at`) VALUES (79, 79, 79, 'Recusandae quisquam et neque animi libero sapiente. Iste sed natus voluptatem. Ex maxime architecto fugiat sit at qui. Consectetur quia earum eligendi sed sunt corporis est delectus.', 1, 0, '1983-01-02 23:05:08');
INSERT INTO `messages` (`id`, `from_user_id`, `to_user_id`, `body`, `is_important`, `is_delivered`, `created_at`) VALUES (80, 80, 80, 'Sed sit quo deserunt in illo earum et. Quia in provident inventore labore.', 1, 0, '1981-06-10 18:46:42');
INSERT INTO `messages` (`id`, `from_user_id`, `to_user_id`, `body`, `is_important`, `is_delivered`, `created_at`) VALUES (81, 81, 81, 'Est quia quos vero. Odit ullam omnis rerum et quasi maxime a. Sed sit et et eum harum neque. Et quisquam est deleniti delectus magnam assumenda voluptatem harum.', 0, 0, '2003-01-12 18:59:38');
INSERT INTO `messages` (`id`, `from_user_id`, `to_user_id`, `body`, `is_important`, `is_delivered`, `created_at`) VALUES (82, 82, 82, 'Rerum consectetur aut numquam officia modi ex maiores. Quibusdam earum molestiae est quia. Corrupti blanditiis nemo recusandae dicta ea.', 1, 1, '1986-04-07 14:39:07');
INSERT INTO `messages` (`id`, `from_user_id`, `to_user_id`, `body`, `is_important`, `is_delivered`, `created_at`) VALUES (83, 83, 83, 'Sunt alias veniam aut id. Aut repellat corrupti qui et. Sit voluptatem et incidunt aspernatur voluptatibus.', 1, 0, '2002-04-22 09:06:01');
INSERT INTO `messages` (`id`, `from_user_id`, `to_user_id`, `body`, `is_important`, `is_delivered`, `created_at`) VALUES (84, 84, 84, 'Nesciunt ut quam quisquam id voluptatem quasi quia. Laudantium aut quas suscipit ad sequi. Qui cum debitis voluptatem voluptas repellendus culpa. Laborum rerum velit quas omnis dignissimos hic qui. Tempore omnis similique officiis doloribus explicabo voluptatibus aut architecto.', 0, 0, '1975-04-24 19:43:20');
INSERT INTO `messages` (`id`, `from_user_id`, `to_user_id`, `body`, `is_important`, `is_delivered`, `created_at`) VALUES (85, 85, 85, 'Quod repudiandae alias explicabo et. Laborum pariatur quam nostrum labore optio perspiciatis. Magnam voluptas eligendi maxime accusantium pariatur.', 1, 0, '1991-04-21 05:16:29');
INSERT INTO `messages` (`id`, `from_user_id`, `to_user_id`, `body`, `is_important`, `is_delivered`, `created_at`) VALUES (86, 86, 86, 'Quo non numquam veritatis id itaque fugiat repellat. Voluptas sed maxime error incidunt voluptatem est et. Animi voluptatem enim dolores.', 1, 0, '2011-08-07 08:38:03');
INSERT INTO `messages` (`id`, `from_user_id`, `to_user_id`, `body`, `is_important`, `is_delivered`, `created_at`) VALUES (87, 87, 87, 'Atque vel aut reprehenderit et et. Accusantium itaque dolor animi in molestiae.', 1, 1, '1996-06-20 07:19:59');
INSERT INTO `messages` (`id`, `from_user_id`, `to_user_id`, `body`, `is_important`, `is_delivered`, `created_at`) VALUES (88, 88, 88, 'In rerum et neque quod harum voluptatem. Aut expedita numquam dolorem qui necessitatibus ut illo in. Molestiae aut nobis aut et corrupti distinctio. Quaerat eum molestiae ipsam quas quisquam.', 0, 0, '2007-07-17 07:51:14');
INSERT INTO `messages` (`id`, `from_user_id`, `to_user_id`, `body`, `is_important`, `is_delivered`, `created_at`) VALUES (89, 89, 89, 'Dignissimos qui magni omnis consequatur numquam vitae. Aut sed quia qui quod temporibus consequatur mollitia. Enim molestiae velit iste excepturi voluptatibus. Earum dolores amet qui neque molestias eligendi molestiae. Voluptate libero praesentium ut.', 0, 0, '1992-09-30 07:41:31');
INSERT INTO `messages` (`id`, `from_user_id`, `to_user_id`, `body`, `is_important`, `is_delivered`, `created_at`) VALUES (90, 90, 90, 'Consectetur consequatur libero doloribus ut amet. Ratione enim dolor expedita facilis soluta. Quas omnis aut quis vel. Qui maxime rerum quia consequatur iure dolor.', 0, 1, '1997-11-27 02:18:05');
INSERT INTO `messages` (`id`, `from_user_id`, `to_user_id`, `body`, `is_important`, `is_delivered`, `created_at`) VALUES (91, 91, 91, 'Saepe ut ducimus officia veritatis. Ab eos rerum ipsam et quam inventore. Voluptatem illo vitae ex et. Nemo ea blanditiis ipsum quidem illo. Recusandae culpa dolorum voluptatem laudantium aspernatur nobis.', 1, 1, '1970-03-20 05:32:32');
INSERT INTO `messages` (`id`, `from_user_id`, `to_user_id`, `body`, `is_important`, `is_delivered`, `created_at`) VALUES (92, 92, 92, 'Error et molestiae et quod totam vel. Amet et quo sed hic. Soluta quidem officia dolores. Non voluptas suscipit ullam excepturi explicabo quia.', 0, 1, '2001-09-09 08:36:22');
INSERT INTO `messages` (`id`, `from_user_id`, `to_user_id`, `body`, `is_important`, `is_delivered`, `created_at`) VALUES (93, 93, 93, 'Dolorem qui sapiente maxime ipsam. In nisi aperiam aut vero in veniam. Voluptatum non similique est rerum sed nam ut.', 1, 1, '1992-09-02 10:15:24');
INSERT INTO `messages` (`id`, `from_user_id`, `to_user_id`, `body`, `is_important`, `is_delivered`, `created_at`) VALUES (94, 94, 94, 'Blanditiis eius pariatur voluptatibus quibusdam molestiae esse. Molestias eveniet est vel qui a ut est. Quidem atque aut aliquid.', 1, 0, '1988-09-30 15:54:10');
INSERT INTO `messages` (`id`, `from_user_id`, `to_user_id`, `body`, `is_important`, `is_delivered`, `created_at`) VALUES (95, 95, 95, 'Quo saepe enim facilis molestiae voluptates eum. Beatae voluptate ut in aliquid qui vero ea. Non et non reprehenderit quis maiores quia dolor.', 0, 0, '1982-07-18 02:08:06');
INSERT INTO `messages` (`id`, `from_user_id`, `to_user_id`, `body`, `is_important`, `is_delivered`, `created_at`) VALUES (96, 96, 96, 'Illo quia expedita voluptate et aut laudantium illum. Consequatur est et quis voluptatum ex. Rem voluptas impedit veritatis dolores rerum quia voluptas. Quo illum velit quo omnis.', 0, 0, '1971-11-16 08:58:39');
INSERT INTO `messages` (`id`, `from_user_id`, `to_user_id`, `body`, `is_important`, `is_delivered`, `created_at`) VALUES (97, 97, 97, 'Itaque eos ut dolor repellendus quas accusamus commodi. Atque sint aut officiis et. Natus accusantium reprehenderit numquam est est. Accusamus dolorem qui occaecati ad.', 0, 1, '2009-12-23 11:33:26');
INSERT INTO `messages` (`id`, `from_user_id`, `to_user_id`, `body`, `is_important`, `is_delivered`, `created_at`) VALUES (98, 98, 98, 'Nobis dolorem sit magnam voluptatem ut a quaerat. Voluptatem vel et sunt est eos et. In at animi officia doloremque sint incidunt.', 0, 0, '2011-01-31 11:55:02');
INSERT INTO `messages` (`id`, `from_user_id`, `to_user_id`, `body`, `is_important`, `is_delivered`, `created_at`) VALUES (99, 99, 99, 'Quis quia optio nostrum natus. Minima sequi illum ipsum reiciendis omnis possimus deleniti. Quia voluptas doloribus temporibus eos qui quia sint. Ut voluptate provident enim maiores deleniti.', 1, 0, '2019-09-24 04:26:38');
INSERT INTO `messages` (`id`, `from_user_id`, `to_user_id`, `body`, `is_important`, `is_delivered`, `created_at`) VALUES (100, 100, 100, 'Suscipit eius architecto vel perspiciatis dicta nihil qui ut. Reprehenderit illum ad corporis dolor iure rem autem. Aperiam sed sint qui dolorem. Tenetur neque ipsam ut velit delectus quo.', 1, 1, '1980-09-21 15:58:05');


#
# TABLE STRUCTURE FOR: profiles
#

DROP TABLE IF EXISTS `profiles`;

CREATE TABLE `profiles` (
  `user_id` int(10) unsigned NOT NULL,
  `birthdate` date DEFAULT NULL,
  `sex` char(1) COLLATE utf8_unicode_ci NOT NULL,
  `hometown` varchar(100) COLLATE utf8_unicode_ci DEFAULT NULL,
  `country` varchar(100) COLLATE utf8_unicode_ci DEFAULT NULL,
  `photo_id` int(10) unsigned DEFAULT NULL,
  `created_at` datetime DEFAULT current_timestamp(),
  `updated_at` datetime DEFAULT current_timestamp() ON UPDATE current_timestamp(),
  PRIMARY KEY (`user_id`)
) ENGINE=InnoDB DEFAULT CHARSET=utf8 COLLATE=utf8_unicode_ci;

INSERT INTO `profiles` (`user_id`, `birthdate`, `sex`, `hometown`, `country`, `photo_id`, `created_at`, `updated_at`) VALUES (1, '2016-05-16', 'f', 'Morganshire', 'Philippines', 18, '2013-03-11 11:59:42', '2010-09-16 11:28:59');
INSERT INTO `profiles` (`user_id`, `birthdate`, `sex`, `hometown`, `country`, `photo_id`, `created_at`, `updated_at`) VALUES (2, '2007-01-24', 'm', 'Colechester', 'Bosnia and Herzegovina', 46, '1980-08-10 05:51:18', '1994-01-22 04:40:39');
INSERT INTO `profiles` (`user_id`, `birthdate`, `sex`, `hometown`, `country`, `photo_id`, `created_at`, `updated_at`) VALUES (3, '1986-12-08', 'm', 'Port Braeden', 'British Indian Ocean Territory (Chagos Archipelago)', 34, '1999-11-27 17:07:39', '1978-03-31 18:39:27');
INSERT INTO `profiles` (`user_id`, `birthdate`, `sex`, `hometown`, `country`, `photo_id`, `created_at`, `updated_at`) VALUES (4, '2000-09-20', 'f', 'Ellieville', 'Montserrat', 90, '1971-04-25 20:24:06', '1990-12-26 07:10:22');
INSERT INTO `profiles` (`user_id`, `birthdate`, `sex`, `hometown`, `country`, `photo_id`, `created_at`, `updated_at`) VALUES (5, '1983-02-03', 'm', 'Johnsmouth', 'Netherlands', 20, '1970-05-06 22:30:45', '2011-04-21 13:24:31');
INSERT INTO `profiles` (`user_id`, `birthdate`, `sex`, `hometown`, `country`, `photo_id`, `created_at`, `updated_at`) VALUES (6, '1975-04-07', 'm', 'Stuartburgh', 'Senegal', 75, '1987-06-14 22:05:12', '1982-04-09 07:54:51');
INSERT INTO `profiles` (`user_id`, `birthdate`, `sex`, `hometown`, `country`, `photo_id`, `created_at`, `updated_at`) VALUES (7, '1992-12-06', 'm', 'Alvismouth', 'Wallis and Futuna', 88, '2003-10-22 09:23:54', '1998-07-06 20:30:46');
INSERT INTO `profiles` (`user_id`, `birthdate`, `sex`, `hometown`, `country`, `photo_id`, `created_at`, `updated_at`) VALUES (8, '2009-12-11', 'm', 'Elyseburgh', 'Turks and Caicos Islands', 76, '1977-03-22 23:28:23', '2004-03-04 11:55:08');
INSERT INTO `profiles` (`user_id`, `birthdate`, `sex`, `hometown`, `country`, `photo_id`, `created_at`, `updated_at`) VALUES (9, '2019-02-22', 'f', 'Bogisichhaven', 'Cayman Islands', 1, '2002-06-13 21:45:47', '2014-10-12 10:52:11');
INSERT INTO `profiles` (`user_id`, `birthdate`, `sex`, `hometown`, `country`, `photo_id`, `created_at`, `updated_at`) VALUES (10, '1999-12-13', 'f', 'Francescoview', 'Saudi Arabia', 40, '1978-10-05 18:10:16', '1992-05-14 21:50:34');
INSERT INTO `profiles` (`user_id`, `birthdate`, `sex`, `hometown`, `country`, `photo_id`, `created_at`, `updated_at`) VALUES (11, '1995-07-31', 'm', 'South Haven', 'Dominican Republic', 90, '1991-06-10 07:30:59', '1973-10-10 04:49:05');
INSERT INTO `profiles` (`user_id`, `birthdate`, `sex`, `hometown`, `country`, `photo_id`, `created_at`, `updated_at`) VALUES (12, '1984-11-07', 'm', 'Medhurstport', 'Australia', 53, '1984-10-05 16:08:55', '2007-03-09 16:22:18');
INSERT INTO `profiles` (`user_id`, `birthdate`, `sex`, `hometown`, `country`, `photo_id`, `created_at`, `updated_at`) VALUES (13, '1988-02-29', 'm', 'West Brandt', 'Netherlands', 39, '2018-08-07 19:52:59', '1980-11-17 14:04:09');
INSERT INTO `profiles` (`user_id`, `birthdate`, `sex`, `hometown`, `country`, `photo_id`, `created_at`, `updated_at`) VALUES (14, '1971-04-21', 'm', 'New Taraville', 'Poland', 60, '1978-12-01 20:45:14', '2000-06-26 07:47:24');
INSERT INTO `profiles` (`user_id`, `birthdate`, `sex`, `hometown`, `country`, `photo_id`, `created_at`, `updated_at`) VALUES (15, '1975-06-04', 'm', 'Janisville', 'France', 71, '2005-10-14 11:32:11', '2011-12-02 19:15:03');
INSERT INTO `profiles` (`user_id`, `birthdate`, `sex`, `hometown`, `country`, `photo_id`, `created_at`, `updated_at`) VALUES (16, '1994-09-13', 'f', 'East Candelario', 'Mongolia', 32, '2009-04-03 07:40:44', '1992-03-11 12:41:11');
INSERT INTO `profiles` (`user_id`, `birthdate`, `sex`, `hometown`, `country`, `photo_id`, `created_at`, `updated_at`) VALUES (17, '1977-03-28', 'f', 'New Valentinland', 'Morocco', 55, '2004-01-13 09:14:25', '2001-12-02 13:03:14');
INSERT INTO `profiles` (`user_id`, `birthdate`, `sex`, `hometown`, `country`, `photo_id`, `created_at`, `updated_at`) VALUES (18, '1983-10-05', 'm', 'Huelmouth', 'Belgium', 92, '2005-09-13 20:31:49', '2002-09-17 04:34:03');
INSERT INTO `profiles` (`user_id`, `birthdate`, `sex`, `hometown`, `country`, `photo_id`, `created_at`, `updated_at`) VALUES (19, '2019-11-14', 'f', 'Lake Tyshawnstad', 'Liberia', 35, '2005-04-29 11:03:28', '2010-06-01 14:21:19');
INSERT INTO `profiles` (`user_id`, `birthdate`, `sex`, `hometown`, `country`, `photo_id`, `created_at`, `updated_at`) VALUES (20, '2010-10-29', 'm', 'New Elias', 'Nicaragua', 73, '1991-12-26 20:45:30', '1989-10-28 06:16:30');
INSERT INTO `profiles` (`user_id`, `birthdate`, `sex`, `hometown`, `country`, `photo_id`, `created_at`, `updated_at`) VALUES (21, '2011-12-18', 'm', 'East Karlihaven', 'Norway', 77, '2019-09-05 05:18:50', '1998-07-02 02:41:57');
INSERT INTO `profiles` (`user_id`, `birthdate`, `sex`, `hometown`, `country`, `photo_id`, `created_at`, `updated_at`) VALUES (22, '1986-07-01', 'f', 'Pfefferview', 'South Georgia and the South Sandwich Islands', 39, '1989-03-12 06:15:10', '1981-09-03 09:44:22');
INSERT INTO `profiles` (`user_id`, `birthdate`, `sex`, `hometown`, `country`, `photo_id`, `created_at`, `updated_at`) VALUES (23, '2018-03-21', 'm', 'Claudinehaven', 'French Polynesia', 98, '2000-04-23 09:44:01', '2018-12-06 09:57:26');
INSERT INTO `profiles` (`user_id`, `birthdate`, `sex`, `hometown`, `country`, `photo_id`, `created_at`, `updated_at`) VALUES (24, '1996-12-20', 'f', 'North Christport', 'Lao People\'s Democratic Republic', 32, '2017-11-13 13:38:20', '1971-11-26 16:35:23');
INSERT INTO `profiles` (`user_id`, `birthdate`, `sex`, `hometown`, `country`, `photo_id`, `created_at`, `updated_at`) VALUES (25, '1994-10-11', 'f', 'Erdmanstad', 'United Kingdom', 2, '2011-06-27 03:05:06', '1984-06-14 13:41:57');
INSERT INTO `profiles` (`user_id`, `birthdate`, `sex`, `hometown`, `country`, `photo_id`, `created_at`, `updated_at`) VALUES (26, '2003-10-02', 'm', 'South Travisview', 'Bahamas', 28, '1974-03-18 04:04:30', '2012-12-18 11:21:54');
INSERT INTO `profiles` (`user_id`, `birthdate`, `sex`, `hometown`, `country`, `photo_id`, `created_at`, `updated_at`) VALUES (27, '1999-08-09', 'f', 'East Jettshire', 'Guernsey', 34, '1978-10-22 13:21:50', '2004-10-09 10:59:38');
INSERT INTO `profiles` (`user_id`, `birthdate`, `sex`, `hometown`, `country`, `photo_id`, `created_at`, `updated_at`) VALUES (28, '2017-06-27', 'f', 'New Johannfurt', 'Ukraine', 23, '1971-09-12 21:48:58', '2001-01-02 03:22:24');
INSERT INTO `profiles` (`user_id`, `birthdate`, `sex`, `hometown`, `country`, `photo_id`, `created_at`, `updated_at`) VALUES (29, '2020-01-05', 'm', 'North Noel', 'Taiwan', 47, '1971-05-18 16:50:14', '1985-07-26 08:48:13');
INSERT INTO `profiles` (`user_id`, `birthdate`, `sex`, `hometown`, `country`, `photo_id`, `created_at`, `updated_at`) VALUES (30, '1981-03-17', 'm', 'Port Pinkie', 'Cayman Islands', 68, '1976-03-29 22:42:02', '1971-10-12 07:19:30');
INSERT INTO `profiles` (`user_id`, `birthdate`, `sex`, `hometown`, `country`, `photo_id`, `created_at`, `updated_at`) VALUES (31, '2018-09-18', 'f', 'North Paris', 'Gibraltar', 42, '1992-07-05 07:20:54', '2017-05-28 02:01:22');
INSERT INTO `profiles` (`user_id`, `birthdate`, `sex`, `hometown`, `country`, `photo_id`, `created_at`, `updated_at`) VALUES (32, '1991-11-07', 'f', 'East Colby', 'Pitcairn Islands', 97, '2014-03-11 09:38:28', '1999-04-15 14:09:06');
INSERT INTO `profiles` (`user_id`, `birthdate`, `sex`, `hometown`, `country`, `photo_id`, `created_at`, `updated_at`) VALUES (33, '1999-05-29', 'f', 'Wardland', 'Faroe Islands', 44, '1990-05-27 21:22:17', '1973-11-07 23:22:43');
INSERT INTO `profiles` (`user_id`, `birthdate`, `sex`, `hometown`, `country`, `photo_id`, `created_at`, `updated_at`) VALUES (34, '2017-12-12', 'f', 'Neomaview', 'Tanzania', 71, '1992-09-07 16:12:59', '1984-06-14 07:10:35');
INSERT INTO `profiles` (`user_id`, `birthdate`, `sex`, `hometown`, `country`, `photo_id`, `created_at`, `updated_at`) VALUES (35, '2015-12-09', 'f', 'Gusikowskichester', 'Austria', 49, '1970-07-25 06:31:47', '1985-09-29 12:44:44');
INSERT INTO `profiles` (`user_id`, `birthdate`, `sex`, `hometown`, `country`, `photo_id`, `created_at`, `updated_at`) VALUES (36, '2018-12-04', 'f', 'Haventon', 'Nigeria', 75, '2012-09-27 05:03:07', '2017-11-16 20:49:19');
INSERT INTO `profiles` (`user_id`, `birthdate`, `sex`, `hometown`, `country`, `photo_id`, `created_at`, `updated_at`) VALUES (37, '2005-01-20', 'm', 'Kristoferberg', 'United States Virgin Islands', 10, '2007-12-04 12:39:47', '1985-10-10 18:17:19');
INSERT INTO `profiles` (`user_id`, `birthdate`, `sex`, `hometown`, `country`, `photo_id`, `created_at`, `updated_at`) VALUES (38, '1992-04-08', 'm', 'North Keira', 'Korea', 45, '1997-11-13 12:23:49', '2014-06-28 08:33:21');
INSERT INTO `profiles` (`user_id`, `birthdate`, `sex`, `hometown`, `country`, `photo_id`, `created_at`, `updated_at`) VALUES (39, '1997-03-26', 'm', 'Noahfort', 'Mali', 52, '2017-09-13 03:58:10', '1990-09-23 05:16:34');
INSERT INTO `profiles` (`user_id`, `birthdate`, `sex`, `hometown`, `country`, `photo_id`, `created_at`, `updated_at`) VALUES (40, '1995-04-25', 'f', 'Hayesfort', 'Ireland', 33, '2007-01-22 03:06:54', '1995-07-06 11:42:17');
INSERT INTO `profiles` (`user_id`, `birthdate`, `sex`, `hometown`, `country`, `photo_id`, `created_at`, `updated_at`) VALUES (41, '1982-12-01', 'f', 'South Modestashire', 'France', 87, '2019-11-28 17:19:26', '2016-06-26 04:35:52');
INSERT INTO `profiles` (`user_id`, `birthdate`, `sex`, `hometown`, `country`, `photo_id`, `created_at`, `updated_at`) VALUES (42, '1991-09-11', 'm', 'South Adela', 'Puerto Rico', 18, '2006-11-23 11:22:58', '2015-09-26 09:28:58');
INSERT INTO `profiles` (`user_id`, `birthdate`, `sex`, `hometown`, `country`, `photo_id`, `created_at`, `updated_at`) VALUES (43, '1984-12-12', 'm', 'Madelynfort', 'Belize', 59, '1988-02-15 11:42:07', '1983-12-22 02:39:14');
INSERT INTO `profiles` (`user_id`, `birthdate`, `sex`, `hometown`, `country`, `photo_id`, `created_at`, `updated_at`) VALUES (44, '2001-07-29', 'f', 'North Websterfort', 'Canada', 4, '2019-11-14 08:03:21', '1986-03-21 18:56:03');
INSERT INTO `profiles` (`user_id`, `birthdate`, `sex`, `hometown`, `country`, `photo_id`, `created_at`, `updated_at`) VALUES (45, '1974-01-11', 'f', 'Kuvalisbury', 'El Salvador', 66, '2012-02-25 01:15:08', '1978-06-13 01:51:02');
INSERT INTO `profiles` (`user_id`, `birthdate`, `sex`, `hometown`, `country`, `photo_id`, `created_at`, `updated_at`) VALUES (46, '1978-01-01', 'm', 'Rosalindtown', 'Niue', 59, '1976-09-09 18:52:01', '1980-06-27 10:54:32');
INSERT INTO `profiles` (`user_id`, `birthdate`, `sex`, `hometown`, `country`, `photo_id`, `created_at`, `updated_at`) VALUES (47, '2009-03-02', 'f', 'Ornton', 'Bouvet Island (Bouvetoya)', 41, '1991-03-19 04:18:32', '1977-12-01 02:13:09');
INSERT INTO `profiles` (`user_id`, `birthdate`, `sex`, `hometown`, `country`, `photo_id`, `created_at`, `updated_at`) VALUES (48, '1979-09-02', 'f', 'New Gregg', 'Serbia', 12, '2013-01-03 17:10:48', '2013-01-14 22:02:05');
INSERT INTO `profiles` (`user_id`, `birthdate`, `sex`, `hometown`, `country`, `photo_id`, `created_at`, `updated_at`) VALUES (49, '2002-02-23', 'f', 'Heberfort', 'Guadeloupe', 85, '2012-03-25 16:23:39', '1993-10-17 17:28:20');
INSERT INTO `profiles` (`user_id`, `birthdate`, `sex`, `hometown`, `country`, `photo_id`, `created_at`, `updated_at`) VALUES (50, '1978-08-18', 'f', 'Kovacekport', 'Comoros', 63, '1998-02-22 05:29:42', '1991-12-30 15:04:02');
INSERT INTO `profiles` (`user_id`, `birthdate`, `sex`, `hometown`, `country`, `photo_id`, `created_at`, `updated_at`) VALUES (51, '1978-12-20', 'f', 'Casperchester', 'United States Virgin Islands', 48, '2011-09-10 17:36:39', '2005-04-08 11:12:03');
INSERT INTO `profiles` (`user_id`, `birthdate`, `sex`, `hometown`, `country`, `photo_id`, `created_at`, `updated_at`) VALUES (52, '1982-08-29', 'm', 'East Kendall', 'Bangladesh', 44, '2006-04-12 05:36:32', '2015-10-03 10:09:54');
INSERT INTO `profiles` (`user_id`, `birthdate`, `sex`, `hometown`, `country`, `photo_id`, `created_at`, `updated_at`) VALUES (53, '1995-10-31', 'm', 'Oberbrunnerburgh', 'Saudi Arabia', 54, '1981-01-22 03:59:11', '2013-08-20 05:35:18');
INSERT INTO `profiles` (`user_id`, `birthdate`, `sex`, `hometown`, `country`, `photo_id`, `created_at`, `updated_at`) VALUES (54, '1978-11-09', 'f', 'Stiedemannbury', 'Antigua and Barbuda', 13, '1979-09-30 10:13:29', '1986-09-02 20:31:34');
INSERT INTO `profiles` (`user_id`, `birthdate`, `sex`, `hometown`, `country`, `photo_id`, `created_at`, `updated_at`) VALUES (55, '1988-03-11', 'm', 'Sandraborough', 'New Caledonia', 79, '2015-03-01 16:42:12', '2001-02-14 17:00:45');
INSERT INTO `profiles` (`user_id`, `birthdate`, `sex`, `hometown`, `country`, `photo_id`, `created_at`, `updated_at`) VALUES (56, '1988-07-18', 'm', 'Yundtburgh', 'Brunei Darussalam', 30, '2010-09-24 11:35:40', '1998-04-04 17:20:37');
INSERT INTO `profiles` (`user_id`, `birthdate`, `sex`, `hometown`, `country`, `photo_id`, `created_at`, `updated_at`) VALUES (57, '1999-08-19', 'f', 'East Tristonmouth', 'Seychelles', 73, '2014-02-20 14:04:30', '2009-10-30 14:45:46');
INSERT INTO `profiles` (`user_id`, `birthdate`, `sex`, `hometown`, `country`, `photo_id`, `created_at`, `updated_at`) VALUES (58, '1982-11-09', 'm', 'East Eriberto', 'Western Sahara', 21, '2011-03-10 12:53:29', '1977-09-20 03:18:26');
INSERT INTO `profiles` (`user_id`, `birthdate`, `sex`, `hometown`, `country`, `photo_id`, `created_at`, `updated_at`) VALUES (59, '1984-09-15', 'm', 'Roderickland', 'Switzerland', 94, '1996-07-30 07:05:11', '2019-08-25 10:11:51');
INSERT INTO `profiles` (`user_id`, `birthdate`, `sex`, `hometown`, `country`, `photo_id`, `created_at`, `updated_at`) VALUES (60, '1995-07-19', 'm', 'Cristport', 'Saint Martin', 70, '2002-11-07 09:42:07', '1999-10-30 22:59:42');
INSERT INTO `profiles` (`user_id`, `birthdate`, `sex`, `hometown`, `country`, `photo_id`, `created_at`, `updated_at`) VALUES (61, '1988-09-29', 'm', 'Myrnahaven', 'Portugal', 5, '2009-04-18 05:19:19', '1982-02-01 20:49:51');
INSERT INTO `profiles` (`user_id`, `birthdate`, `sex`, `hometown`, `country`, `photo_id`, `created_at`, `updated_at`) VALUES (62, '1970-11-23', 'f', 'North Evansville', 'Dominica', 16, '1983-03-17 19:44:18', '1999-06-20 23:32:30');
INSERT INTO `profiles` (`user_id`, `birthdate`, `sex`, `hometown`, `country`, `photo_id`, `created_at`, `updated_at`) VALUES (63, '2015-09-07', 'f', 'New Madisenstad', 'Mongolia', 52, '1970-12-05 03:44:45', '2006-04-19 10:53:26');
INSERT INTO `profiles` (`user_id`, `birthdate`, `sex`, `hometown`, `country`, `photo_id`, `created_at`, `updated_at`) VALUES (64, '2008-01-16', 'f', 'Daremouth', 'Armenia', 49, '1987-08-09 19:34:49', '2007-12-31 08:44:52');
INSERT INTO `profiles` (`user_id`, `birthdate`, `sex`, `hometown`, `country`, `photo_id`, `created_at`, `updated_at`) VALUES (65, '1978-01-09', 'm', 'Alberthahaven', 'United States Minor Outlying Islands', 62, '1996-03-29 19:43:15', '2007-09-15 18:47:32');
INSERT INTO `profiles` (`user_id`, `birthdate`, `sex`, `hometown`, `country`, `photo_id`, `created_at`, `updated_at`) VALUES (66, '1982-04-29', 'm', 'Port Westonside', 'French Southern Territories', 87, '1972-09-26 07:36:39', '2014-07-08 05:49:41');
INSERT INTO `profiles` (`user_id`, `birthdate`, `sex`, `hometown`, `country`, `photo_id`, `created_at`, `updated_at`) VALUES (67, '1970-09-05', 'm', 'Lake Hyman', 'Guadeloupe', 31, '2008-08-02 16:29:39', '1989-10-13 13:35:53');
INSERT INTO `profiles` (`user_id`, `birthdate`, `sex`, `hometown`, `country`, `photo_id`, `created_at`, `updated_at`) VALUES (68, '1995-02-01', 'f', 'Langworthview', 'Costa Rica', 80, '1989-02-03 21:03:47', '2019-04-27 20:41:33');
INSERT INTO `profiles` (`user_id`, `birthdate`, `sex`, `hometown`, `country`, `photo_id`, `created_at`, `updated_at`) VALUES (69, '1989-08-28', 'm', 'North Collintown', 'Botswana', 91, '1993-04-21 17:43:49', '1972-11-09 10:36:52');
INSERT INTO `profiles` (`user_id`, `birthdate`, `sex`, `hometown`, `country`, `photo_id`, `created_at`, `updated_at`) VALUES (70, '2016-12-22', 'm', 'Blockton', 'Tuvalu', 5, '2016-12-08 00:16:57', '1998-02-16 17:16:06');
INSERT INTO `profiles` (`user_id`, `birthdate`, `sex`, `hometown`, `country`, `photo_id`, `created_at`, `updated_at`) VALUES (71, '1976-04-22', 'f', 'Johnsville', 'Sri Lanka', 52, '1993-01-26 02:00:15', '2017-10-31 22:21:25');
INSERT INTO `profiles` (`user_id`, `birthdate`, `sex`, `hometown`, `country`, `photo_id`, `created_at`, `updated_at`) VALUES (72, '2005-07-26', 'm', 'Port Gunnarton', 'Lebanon', 93, '1996-12-06 07:25:49', '2006-10-08 20:48:01');
INSERT INTO `profiles` (`user_id`, `birthdate`, `sex`, `hometown`, `country`, `photo_id`, `created_at`, `updated_at`) VALUES (73, '2015-10-19', 'f', 'Purdyfort', 'Philippines', 27, '1977-04-11 13:23:47', '1993-09-26 21:32:57');
INSERT INTO `profiles` (`user_id`, `birthdate`, `sex`, `hometown`, `country`, `photo_id`, `created_at`, `updated_at`) VALUES (74, '2007-05-09', 'm', 'Beckerborough', 'Italy', 50, '1978-10-23 19:42:08', '1992-08-09 07:42:21');
INSERT INTO `profiles` (`user_id`, `birthdate`, `sex`, `hometown`, `country`, `photo_id`, `created_at`, `updated_at`) VALUES (75, '2008-05-08', 'f', 'Koelpinview', 'Jordan', 95, '1974-12-27 22:07:07', '1979-06-22 17:51:46');
INSERT INTO `profiles` (`user_id`, `birthdate`, `sex`, `hometown`, `country`, `photo_id`, `created_at`, `updated_at`) VALUES (76, '1983-04-03', 'f', 'East Adela', 'Bulgaria', 38, '2016-07-23 05:25:50', '1999-04-18 21:12:34');
INSERT INTO `profiles` (`user_id`, `birthdate`, `sex`, `hometown`, `country`, `photo_id`, `created_at`, `updated_at`) VALUES (77, '1970-05-08', 'f', 'Pollichborough', 'Sri Lanka', 95, '1973-12-02 19:59:43', '2008-02-08 22:37:08');
INSERT INTO `profiles` (`user_id`, `birthdate`, `sex`, `hometown`, `country`, `photo_id`, `created_at`, `updated_at`) VALUES (78, '1988-04-21', 'f', 'Port Ilamouth', 'Brazil', 100, '2011-08-04 15:55:28', '1996-02-13 18:57:30');
INSERT INTO `profiles` (`user_id`, `birthdate`, `sex`, `hometown`, `country`, `photo_id`, `created_at`, `updated_at`) VALUES (79, '2006-12-05', 'f', 'Graycemouth', 'Australia', 46, '2012-03-24 05:46:22', '1987-08-26 06:45:46');
INSERT INTO `profiles` (`user_id`, `birthdate`, `sex`, `hometown`, `country`, `photo_id`, `created_at`, `updated_at`) VALUES (80, '2001-03-17', 'f', 'South Wilbertstad', 'Andorra', 34, '2019-06-21 06:01:53', '2011-04-21 23:49:43');
INSERT INTO `profiles` (`user_id`, `birthdate`, `sex`, `hometown`, `country`, `photo_id`, `created_at`, `updated_at`) VALUES (81, '2008-11-29', 'f', 'Binschester', 'Saint Helena', 54, '1976-02-01 20:23:39', '1984-03-07 09:09:55');
INSERT INTO `profiles` (`user_id`, `birthdate`, `sex`, `hometown`, `country`, `photo_id`, `created_at`, `updated_at`) VALUES (82, '1986-04-13', 'm', 'New Malvinahaven', 'Moldova', 61, '1973-03-25 03:18:56', '2010-01-08 13:01:25');
INSERT INTO `profiles` (`user_id`, `birthdate`, `sex`, `hometown`, `country`, `photo_id`, `created_at`, `updated_at`) VALUES (83, '1998-10-18', 'f', 'Collinsbury', 'Korea', 11, '2000-06-22 01:45:53', '1988-02-24 19:14:27');
INSERT INTO `profiles` (`user_id`, `birthdate`, `sex`, `hometown`, `country`, `photo_id`, `created_at`, `updated_at`) VALUES (84, '1973-06-21', 'm', 'North Frankie', 'Belize', 90, '1991-10-04 00:06:52', '1988-05-23 02:50:16');
INSERT INTO `profiles` (`user_id`, `birthdate`, `sex`, `hometown`, `country`, `photo_id`, `created_at`, `updated_at`) VALUES (85, '1973-10-05', 'f', 'Dockville', 'Guadeloupe', 12, '1981-12-24 13:30:08', '1992-11-11 06:01:02');
INSERT INTO `profiles` (`user_id`, `birthdate`, `sex`, `hometown`, `country`, `photo_id`, `created_at`, `updated_at`) VALUES (86, '1981-07-17', 'f', 'South Yeseniaberg', 'Ireland', 37, '1976-08-02 13:24:45', '1977-12-25 16:21:32');
INSERT INTO `profiles` (`user_id`, `birthdate`, `sex`, `hometown`, `country`, `photo_id`, `created_at`, `updated_at`) VALUES (87, '1997-03-24', 'm', 'West Dashawn', 'Tokelau', 57, '2003-12-19 13:54:20', '2015-07-23 04:56:58');
INSERT INTO `profiles` (`user_id`, `birthdate`, `sex`, `hometown`, `country`, `photo_id`, `created_at`, `updated_at`) VALUES (88, '2014-06-03', 'm', 'Cathyborough', 'Luxembourg', 44, '1991-11-13 10:07:06', '1992-08-10 19:59:44');
INSERT INTO `profiles` (`user_id`, `birthdate`, `sex`, `hometown`, `country`, `photo_id`, `created_at`, `updated_at`) VALUES (89, '2011-11-22', 'm', 'Kulasport', 'Switzerland', 40, '1977-12-24 02:21:31', '1984-07-23 13:14:08');
INSERT INTO `profiles` (`user_id`, `birthdate`, `sex`, `hometown`, `country`, `photo_id`, `created_at`, `updated_at`) VALUES (90, '2004-11-13', 'm', 'Jaskolskishire', 'El Salvador', 1, '2015-12-05 09:13:55', '1972-08-11 09:48:17');
INSERT INTO `profiles` (`user_id`, `birthdate`, `sex`, `hometown`, `country`, `photo_id`, `created_at`, `updated_at`) VALUES (91, '2009-05-05', 'm', 'Ricebury', 'San Marino', 94, '2004-11-07 05:35:46', '1993-02-08 06:34:33');
INSERT INTO `profiles` (`user_id`, `birthdate`, `sex`, `hometown`, `country`, `photo_id`, `created_at`, `updated_at`) VALUES (92, '2012-02-21', 'f', 'Rogahnshire', 'Kiribati', 98, '1989-01-16 08:25:21', '1991-11-26 00:09:19');
INSERT INTO `profiles` (`user_id`, `birthdate`, `sex`, `hometown`, `country`, `photo_id`, `created_at`, `updated_at`) VALUES (93, '2008-02-01', 'f', 'East Lela', 'Ethiopia', 25, '1986-10-12 20:33:34', '1994-06-23 00:18:47');
INSERT INTO `profiles` (`user_id`, `birthdate`, `sex`, `hometown`, `country`, `photo_id`, `created_at`, `updated_at`) VALUES (94, '2009-07-10', 'f', 'Wisokyport', 'Botswana', 27, '1986-05-26 20:07:07', '1976-03-09 23:17:33');
INSERT INTO `profiles` (`user_id`, `birthdate`, `sex`, `hometown`, `country`, `photo_id`, `created_at`, `updated_at`) VALUES (95, '1988-03-09', 'f', 'Sengertown', 'Mexico', 13, '1995-12-06 12:15:11', '1991-01-30 15:58:01');
INSERT INTO `profiles` (`user_id`, `birthdate`, `sex`, `hometown`, `country`, `photo_id`, `created_at`, `updated_at`) VALUES (96, '1985-07-09', 'm', 'North Daija', 'Cameroon', 12, '1983-08-15 10:08:54', '1993-09-10 21:06:51');
INSERT INTO `profiles` (`user_id`, `birthdate`, `sex`, `hometown`, `country`, `photo_id`, `created_at`, `updated_at`) VALUES (97, '2004-11-02', 'f', 'Robelport', 'Andorra', 65, '1995-08-22 11:56:04', '1988-04-09 16:41:06');
INSERT INTO `profiles` (`user_id`, `birthdate`, `sex`, `hometown`, `country`, `photo_id`, `created_at`, `updated_at`) VALUES (98, '1984-12-30', 'f', 'North Verner', 'Switzerland', 32, '2001-06-23 16:36:13', '1973-01-04 23:31:15');
INSERT INTO `profiles` (`user_id`, `birthdate`, `sex`, `hometown`, `country`, `photo_id`, `created_at`, `updated_at`) VALUES (99, '2012-06-30', 'f', 'Port Hilbert', 'Korea', 37, '1974-04-07 18:27:53', '1974-04-04 04:18:42');
INSERT INTO `profiles` (`user_id`, `birthdate`, `sex`, `hometown`, `country`, `photo_id`, `created_at`, `updated_at`) VALUES (100, '2017-05-02', 'm', 'Lake Lorenz', 'Anguilla', 23, '1997-11-28 21:00:15', '1979-09-09 04:57:59');


#
# TABLE STRUCTURE FOR: users
#

DROP TABLE IF EXISTS `users`;

CREATE TABLE `users` (
  `id` int(10) unsigned NOT NULL AUTO_INCREMENT,
  `first_name` varchar(100) COLLATE utf8_unicode_ci NOT NULL,
  `last_name` varchar(100) COLLATE utf8_unicode_ci NOT NULL,
  `email` varchar(120) COLLATE utf8_unicode_ci NOT NULL,
  `phone` varchar(15) COLLATE utf8_unicode_ci NOT NULL,
  `password` varchar(15) COLLATE utf8_unicode_ci DEFAULT NULL,
  `created_at` datetime DEFAULT current_timestamp(),
  `updated_at` datetime DEFAULT current_timestamp() ON UPDATE current_timestamp(),
  PRIMARY KEY (`id`),
  UNIQUE KEY `email` (`email`),
  UNIQUE KEY `phone` (`phone`)
) ENGINE=InnoDB AUTO_INCREMENT=101 DEFAULT CHARSET=utf8 COLLATE=utf8_unicode_ci;

INSERT INTO `users` (`id`, `first_name`, `last_name`, `email`, `phone`, `password`, `created_at`, `updated_at`) VALUES (1, 'Noelia', 'Larkin', 'turner.sally@example.com', '1-654-422-5011x', 'aaff3ce5bd70204', '2015-12-08 04:59:14', '2003-11-07 13:14:43');
INSERT INTO `users` (`id`, `first_name`, `last_name`, `email`, `phone`, `password`, `created_at`, `updated_at`) VALUES (2, 'Darrick', 'Greenfelder', 'swolff@example.org', '388-761-2349', 'b5018b492e87815', '1970-01-21 17:11:13', '2013-12-14 14:23:55');
INSERT INTO `users` (`id`, `first_name`, `last_name`, `email`, `phone`, `password`, `created_at`, `updated_at`) VALUES (3, 'Modesta', 'Heathcote', 'aschmidt@example.net', '(237)779-6832x6', 'e5e9dd65196b7d6', '2017-08-28 18:25:24', '1993-07-15 00:31:52');
INSERT INTO `users` (`id`, `first_name`, `last_name`, `email`, `phone`, `password`, `created_at`, `updated_at`) VALUES (4, 'Earnest', 'Blanda', 'fadel.malcolm@example.com', '(572)910-4067x2', '3e1e11ac9aa5107', '2008-03-24 03:31:39', '1987-04-25 18:22:50');
INSERT INTO `users` (`id`, `first_name`, `last_name`, `email`, `phone`, `password`, `created_at`, `updated_at`) VALUES (5, 'Vladimir', 'Koelpin', 'lkrajcik@example.org', '137.866.5081', 'bbf1f9eab839a86', '2011-12-16 22:49:58', '1990-09-13 01:40:04');
INSERT INTO `users` (`id`, `first_name`, `last_name`, `email`, `phone`, `password`, `created_at`, `updated_at`) VALUES (6, 'Sigurd', 'Schneider', 'klocko.liana@example.com', '510.380.9556x90', 'e006899f024f348', '1995-06-14 18:51:10', '1996-10-03 11:44:53');
INSERT INTO `users` (`id`, `first_name`, `last_name`, `email`, `phone`, `password`, `created_at`, `updated_at`) VALUES (7, 'Greta', 'Fritsch', 'ulang@example.net', '1-994-657-8853x', '45d8fa84c91bfc9', '2006-02-22 03:33:20', '2016-09-07 11:35:28');
INSERT INTO `users` (`id`, `first_name`, `last_name`, `email`, `phone`, `password`, `created_at`, `updated_at`) VALUES (8, 'Brody', 'Braun', 'magnolia.rempel@example.org', '(278)081-9411x6', 'a0a2cd820f93a18', '2019-02-16 07:50:31', '1971-02-10 18:13:56');
INSERT INTO `users` (`id`, `first_name`, `last_name`, `email`, `phone`, `password`, `created_at`, `updated_at`) VALUES (9, 'Delta', 'Gutmann', 'rasheed.becker@example.com', '+78(3)841047181', '4d877d90988d839', '1979-10-04 15:53:45', '2015-09-18 12:01:06');
INSERT INTO `users` (`id`, `first_name`, `last_name`, `email`, `phone`, `password`, `created_at`, `updated_at`) VALUES (10, 'Angeline', 'Braun', 'kattie.cummerata@example.net', '015.385.7726', 'c7b95d4ac3ed9b6', '1986-10-13 03:38:58', '1976-04-03 08:53:24');
INSERT INTO `users` (`id`, `first_name`, `last_name`, `email`, `phone`, `password`, `created_at`, `updated_at`) VALUES (11, 'Sheila', 'Rolfson', 'hledner@example.net', '1-956-551-2998x', 'e4b2cde255a4936', '1988-10-08 02:08:03', '2004-04-02 20:10:53');
INSERT INTO `users` (`id`, `first_name`, `last_name`, `email`, `phone`, `password`, `created_at`, `updated_at`) VALUES (12, 'Lola', 'Schinner', 'lisette55@example.com', '1-251-261-9184', 'bff41add4050bb3', '1980-07-04 06:48:59', '1998-02-21 08:17:18');
INSERT INTO `users` (`id`, `first_name`, `last_name`, `email`, `phone`, `password`, `created_at`, `updated_at`) VALUES (13, 'Alessia', 'Hettinger', 'armani.nikolaus@example.org', '401.988.9367x57', '226a5199befada1', '1980-06-01 13:22:06', '2006-02-18 04:14:24');
INSERT INTO `users` (`id`, `first_name`, `last_name`, `email`, `phone`, `password`, `created_at`, `updated_at`) VALUES (14, 'Alec', 'Daniel', 'vesta53@example.net', '+21(7)340226043', 'f7c9c2bf19853de', '1972-09-01 09:43:11', '2018-08-12 01:30:14');
INSERT INTO `users` (`id`, `first_name`, `last_name`, `email`, `phone`, `password`, `created_at`, `updated_at`) VALUES (15, 'Dominic', 'Yost', 'nienow.lukas@example.com', '(548)504-8938', 'e6d18c4c87eef63', '1973-08-27 16:38:11', '1996-07-12 04:55:56');
INSERT INTO `users` (`id`, `first_name`, `last_name`, `email`, `phone`, `password`, `created_at`, `updated_at`) VALUES (16, 'Rosa', 'Quitzon', 'pouros.vincent@example.com', '618-364-1522', '7c6fb4f862235c2', '1970-04-17 04:15:05', '2003-03-14 04:30:33');
INSERT INTO `users` (`id`, `first_name`, `last_name`, `email`, `phone`, `password`, `created_at`, `updated_at`) VALUES (17, 'Adriana', 'D\'Amore', 'tbrown@example.net', '724.240.2822x59', '4137813aa90db70', '2009-08-24 03:00:23', '1998-08-01 20:53:05');
INSERT INTO `users` (`id`, `first_name`, `last_name`, `email`, `phone`, `password`, `created_at`, `updated_at`) VALUES (18, 'Reva', 'Kilback', 'hackett.tamara@example.org', '(476)645-0082', '3d0996edab2e0ee', '2009-05-06 08:54:24', '2004-03-27 12:05:49');
INSERT INTO `users` (`id`, `first_name`, `last_name`, `email`, `phone`, `password`, `created_at`, `updated_at`) VALUES (19, 'Lesly', 'Pfeffer', 'jacobson.alayna@example.org', '(389)357-3583x8', '3362da7ee938caa', '1993-05-13 01:54:15', '2001-05-03 15:21:07');
INSERT INTO `users` (`id`, `first_name`, `last_name`, `email`, `phone`, `password`, `created_at`, `updated_at`) VALUES (20, 'Lew', 'Klocko', 'corkery.adalberto@example.net', '1-677-766-7308', 'f6b9ebb60a7a358', '1995-01-21 07:46:55', '1981-01-23 19:06:01');
INSERT INTO `users` (`id`, `first_name`, `last_name`, `email`, `phone`, `password`, `created_at`, `updated_at`) VALUES (21, 'Myrtice', 'Larson', 'xbrekke@example.net', '04098005091', 'c536c9299110f29', '1995-05-15 02:07:25', '2004-11-16 19:44:29');
INSERT INTO `users` (`id`, `first_name`, `last_name`, `email`, `phone`, `password`, `created_at`, `updated_at`) VALUES (22, 'Michale', 'Collier', 'novella28@example.com', '(977)337-7359x8', 'd3fe4f41c4d2d51', '1976-08-28 13:08:08', '1998-05-29 22:40:10');
INSERT INTO `users` (`id`, `first_name`, `last_name`, `email`, `phone`, `password`, `created_at`, `updated_at`) VALUES (23, 'Elisabeth', 'Leffler', 'mbradtke@example.org', '995-253-9800', '90581643a1d3fc9', '2003-07-10 18:06:13', '2015-01-05 08:44:39');
INSERT INTO `users` (`id`, `first_name`, `last_name`, `email`, `phone`, `password`, `created_at`, `updated_at`) VALUES (24, 'Bell', 'Streich', 'sschowalter@example.com', '557-561-3269x18', 'e1ebae69950a2ff', '2015-05-03 05:21:13', '1983-10-01 00:52:24');
INSERT INTO `users` (`id`, `first_name`, `last_name`, `email`, `phone`, `password`, `created_at`, `updated_at`) VALUES (25, 'Cooper', 'Daniel', 'jziemann@example.org', '719.938.7197x60', '182815625d1257f', '2008-07-10 05:25:57', '1976-10-27 17:19:42');
INSERT INTO `users` (`id`, `first_name`, `last_name`, `email`, `phone`, `password`, `created_at`, `updated_at`) VALUES (26, 'Kaylin', 'Cronin', 'anne69@example.net', '975.607.7724', '33e102179f61a09', '1984-06-28 07:23:52', '1971-08-12 22:15:28');
INSERT INTO `users` (`id`, `first_name`, `last_name`, `email`, `phone`, `password`, `created_at`, `updated_at`) VALUES (27, 'Mireille', 'Kautzer', 'reinhold.thompson@example.net', '09920941100', '8c2cc128c327014', '2003-12-18 17:11:07', '2002-10-27 13:54:17');
INSERT INTO `users` (`id`, `first_name`, `last_name`, `email`, `phone`, `password`, `created_at`, `updated_at`) VALUES (28, 'Gladyce', 'Kessler', 'gaylord.ernest@example.net', '330-803-8035x19', '420348a0c3018a0', '2019-12-02 17:49:48', '1974-05-12 04:42:01');
INSERT INTO `users` (`id`, `first_name`, `last_name`, `email`, `phone`, `password`, `created_at`, `updated_at`) VALUES (29, 'Burdette', 'Gerlach', 'johnnie96@example.com', '265.614.4028', 'cd8b0f0b4d7c66b', '1977-05-22 18:46:07', '2020-01-15 15:43:06');
INSERT INTO `users` (`id`, `first_name`, `last_name`, `email`, `phone`, `password`, `created_at`, `updated_at`) VALUES (30, 'Joey', 'Bode', 'dsipes@example.com', '1-549-510-5147x', 'ee9e8c6e4b7b368', '1987-07-12 05:56:19', '2003-06-18 06:58:43');
INSERT INTO `users` (`id`, `first_name`, `last_name`, `email`, `phone`, `password`, `created_at`, `updated_at`) VALUES (31, 'Lilla', 'Crona', 'edd.heaney@example.net', '296.463.6346x64', 'aaab0eba95019c3', '2014-10-01 01:04:03', '2001-07-04 12:21:24');
INSERT INTO `users` (`id`, `first_name`, `last_name`, `email`, `phone`, `password`, `created_at`, `updated_at`) VALUES (32, 'Delilah', 'Hauck', 'edavis@example.net', '1-491-024-9452x', '91320478c79e461', '2018-10-16 15:38:07', '1990-01-20 17:47:23');
INSERT INTO `users` (`id`, `first_name`, `last_name`, `email`, `phone`, `password`, `created_at`, `updated_at`) VALUES (33, 'Lilla', 'Schuster', 'jessika.howell@example.net', '985-539-4136x53', '75b290e94998d1e', '1996-12-04 08:53:14', '2013-08-28 02:22:14');
INSERT INTO `users` (`id`, `first_name`, `last_name`, `email`, `phone`, `password`, `created_at`, `updated_at`) VALUES (34, 'Arely', 'Lebsack', 'amonahan@example.net', '877.830.4540', 'fd6d3caf9762888', '2005-04-13 06:45:49', '2000-01-13 23:13:32');
INSERT INTO `users` (`id`, `first_name`, `last_name`, `email`, `phone`, `password`, `created_at`, `updated_at`) VALUES (35, 'Lucy', 'Wiza', 'dbogisich@example.net', '+15(1)179656929', '7a7ebd43585288e', '2007-10-09 03:30:15', '2004-08-08 20:45:14');
INSERT INTO `users` (`id`, `first_name`, `last_name`, `email`, `phone`, `password`, `created_at`, `updated_at`) VALUES (36, 'Ahmed', 'Hayes', 'sipes.jakayla@example.net', '1-356-267-8741x', 'b5ff811f902d126', '2002-03-03 15:28:51', '2007-04-03 19:00:27');
INSERT INTO `users` (`id`, `first_name`, `last_name`, `email`, `phone`, `password`, `created_at`, `updated_at`) VALUES (37, 'Keith', 'Berge', 'ernie81@example.org', '1-417-622-3435', 'fb30334d9f79ade', '2017-06-29 00:06:10', '1990-08-21 12:27:43');
INSERT INTO `users` (`id`, `first_name`, `last_name`, `email`, `phone`, `password`, `created_at`, `updated_at`) VALUES (38, 'Idella', 'O\'Kon', 'marjory.balistreri@example.org', '(058)847-9737x2', 'e60310ebedb1d22', '2011-07-31 14:01:59', '1970-06-26 02:33:48');
INSERT INTO `users` (`id`, `first_name`, `last_name`, `email`, `phone`, `password`, `created_at`, `updated_at`) VALUES (39, 'Christian', 'Collins', 'fhaag@example.org', '1-207-407-0549x', 'b7788a00773fe01', '1975-03-07 16:00:55', '2011-03-03 08:42:23');
INSERT INTO `users` (`id`, `first_name`, `last_name`, `email`, `phone`, `password`, `created_at`, `updated_at`) VALUES (40, 'Rodrigo', 'Bins', 'o\'kon.verner@example.net', '053.794.3875', '0fda93727edd6bf', '1991-07-07 18:50:06', '1989-12-01 11:43:47');
INSERT INTO `users` (`id`, `first_name`, `last_name`, `email`, `phone`, `password`, `created_at`, `updated_at`) VALUES (41, 'Stanton', 'Block', 'otha62@example.org', '347.079.7670', 'f097cf32673cc81', '1990-06-09 06:43:21', '1998-10-01 19:24:43');
INSERT INTO `users` (`id`, `first_name`, `last_name`, `email`, `phone`, `password`, `created_at`, `updated_at`) VALUES (42, 'Forest', 'Jaskolski', 'xturcotte@example.org', '553-244-3613x80', 'ff030e79730264d', '2014-05-11 11:29:31', '1973-04-04 14:03:03');
INSERT INTO `users` (`id`, `first_name`, `last_name`, `email`, `phone`, `password`, `created_at`, `updated_at`) VALUES (43, 'Jerad', 'Braun', 'reanna.breitenberg@example.org', '831.542.3304', '8558db2120fc12a', '1982-01-28 22:16:24', '1992-04-07 23:45:16');
INSERT INTO `users` (`id`, `first_name`, `last_name`, `email`, `phone`, `password`, `created_at`, `updated_at`) VALUES (44, 'Eliezer', 'Ondricka', 'javon14@example.net', '(063)518-6352x3', 'f1c13ea7311982d', '1972-12-21 21:52:25', '1975-04-29 19:26:48');
INSERT INTO `users` (`id`, `first_name`, `last_name`, `email`, `phone`, `password`, `created_at`, `updated_at`) VALUES (45, 'Palma', 'Wisozk', 'letha.franecki@example.org', '1-133-938-0128', 'a543feef3321c06', '2003-03-02 08:29:20', '2001-11-17 03:15:17');
INSERT INTO `users` (`id`, `first_name`, `last_name`, `email`, `phone`, `password`, `created_at`, `updated_at`) VALUES (46, 'Loma', 'Bernhard', 'loyal88@example.org', '716.401.9141', '8281f241064c3ac', '1981-12-10 16:47:08', '2007-04-24 16:23:39');
INSERT INTO `users` (`id`, `first_name`, `last_name`, `email`, `phone`, `password`, `created_at`, `updated_at`) VALUES (47, 'Billie', 'Rutherford', 'uvandervort@example.com', '730-135-9059x80', '5a0f18df5cf6a9c', '1986-08-28 01:52:14', '2016-01-15 04:32:41');
INSERT INTO `users` (`id`, `first_name`, `last_name`, `email`, `phone`, `password`, `created_at`, `updated_at`) VALUES (48, 'Kariane', 'Hirthe', 'tremblay.brent@example.net', '1-462-351-3300x', '68a617427918899', '2015-01-10 06:11:46', '2000-05-20 17:39:39');
INSERT INTO `users` (`id`, `first_name`, `last_name`, `email`, `phone`, `password`, `created_at`, `updated_at`) VALUES (49, 'Lysanne', 'Paucek', 'reilly.wilfredo@example.net', '1-216-470-3729', '9755d233204b992', '1978-01-26 11:24:04', '1993-03-03 15:25:15');
INSERT INTO `users` (`id`, `first_name`, `last_name`, `email`, `phone`, `password`, `created_at`, `updated_at`) VALUES (50, 'Juliet', 'Tremblay', 'otho.larkin@example.org', '650.358.8815x83', '3d26bd2b1ddb2a4', '1974-12-31 08:09:10', '1980-04-29 08:18:08');
INSERT INTO `users` (`id`, `first_name`, `last_name`, `email`, `phone`, `password`, `created_at`, `updated_at`) VALUES (51, 'Imogene', 'Kuhic', 'zcrona@example.org', '1-016-211-7619x', '20154be41a370f7', '2009-03-02 22:39:34', '1977-05-14 16:05:43');
INSERT INTO `users` (`id`, `first_name`, `last_name`, `email`, `phone`, `password`, `created_at`, `updated_at`) VALUES (52, 'Guy', 'Franecki', 'ndicki@example.net', '1-029-349-1428x', '1c015a4e9d14436', '1988-08-01 20:16:15', '1983-04-17 07:21:51');
INSERT INTO `users` (`id`, `first_name`, `last_name`, `email`, `phone`, `password`, `created_at`, `updated_at`) VALUES (53, 'Kaleigh', 'Abshire', 'yo\'conner@example.org', '723.997.3050x82', 'a0fb02f18daaefd', '1981-03-31 20:15:54', '1988-03-31 18:26:04');
INSERT INTO `users` (`id`, `first_name`, `last_name`, `email`, `phone`, `password`, `created_at`, `updated_at`) VALUES (54, 'Shany', 'Fahey', 'evert44@example.net', '(027)500-7629x0', 'c00f71bf7b37dd4', '1994-10-07 04:55:04', '1972-12-06 00:17:48');
INSERT INTO `users` (`id`, `first_name`, `last_name`, `email`, `phone`, `password`, `created_at`, `updated_at`) VALUES (55, 'Jack', 'Bosco', 'mcglynn.helena@example.net', '(905)569-6145', '4c39515727f22bb', '2010-06-23 05:11:20', '2006-12-04 02:08:41');
INSERT INTO `users` (`id`, `first_name`, `last_name`, `email`, `phone`, `password`, `created_at`, `updated_at`) VALUES (56, 'Laury', 'Wiegand', 'qboyle@example.org', '(679)334-0281', '3f12996c0446166', '2016-08-20 17:28:21', '1980-05-04 04:40:20');
INSERT INTO `users` (`id`, `first_name`, `last_name`, `email`, `phone`, `password`, `created_at`, `updated_at`) VALUES (57, 'Florencio', 'Bergstrom', 'sienna40@example.org', '651-316-4438x73', '7000395e5a5c872', '1990-07-20 07:35:33', '1987-10-08 17:48:49');
INSERT INTO `users` (`id`, `first_name`, `last_name`, `email`, `phone`, `password`, `created_at`, `updated_at`) VALUES (58, 'Aliza', 'Sanford', 'lemke.taylor@example.com', '1-671-350-5125', 'f51a4f1ce38f9ad', '1973-05-22 14:58:07', '1974-08-12 21:11:16');
INSERT INTO `users` (`id`, `first_name`, `last_name`, `email`, `phone`, `password`, `created_at`, `updated_at`) VALUES (59, 'Beau', 'Durgan', 'fbins@example.net', '847-864-5307', 'e4c0862b9249478', '2005-12-22 04:26:43', '1983-06-06 07:03:09');
INSERT INTO `users` (`id`, `first_name`, `last_name`, `email`, `phone`, `password`, `created_at`, `updated_at`) VALUES (60, 'Princess', 'Herman', 'zhessel@example.net', '(334)617-4988x6', 'd931bc8148ec1ad', '2008-04-02 19:47:37', '2005-06-05 20:31:42');
INSERT INTO `users` (`id`, `first_name`, `last_name`, `email`, `phone`, `password`, `created_at`, `updated_at`) VALUES (61, 'Davion', 'Price', 'daisha.rippin@example.org', '888.649.5117', '7aab6aadb116fd8', '2013-05-16 08:17:24', '1976-04-02 13:29:59');
INSERT INTO `users` (`id`, `first_name`, `last_name`, `email`, `phone`, `password`, `created_at`, `updated_at`) VALUES (62, 'Joesph', 'Jerde', 'earlene23@example.net', '(830)894-5113x8', 'd01db404762f17b', '1990-05-03 16:46:37', '1991-10-19 11:20:57');
INSERT INTO `users` (`id`, `first_name`, `last_name`, `email`, `phone`, `password`, `created_at`, `updated_at`) VALUES (63, 'Santina', 'Macejkovic', 'lind.haylee@example.net', '594.302.8734', 'a67edf6e922fcf7', '2008-03-23 17:26:00', '1991-10-26 06:23:16');
INSERT INTO `users` (`id`, `first_name`, `last_name`, `email`, `phone`, `password`, `created_at`, `updated_at`) VALUES (64, 'Garland', 'Moen', 'gina.collier@example.net', '(056)010-5483x8', '3fc2389c1edc995', '2005-04-18 23:48:44', '2015-04-05 17:06:27');
INSERT INTO `users` (`id`, `first_name`, `last_name`, `email`, `phone`, `password`, `created_at`, `updated_at`) VALUES (65, 'Julianne', 'Reilly', 'emmy93@example.net', '(311)738-6071x2', '3064048287662ac', '2004-08-18 05:38:55', '1988-12-05 21:23:06');
INSERT INTO `users` (`id`, `first_name`, `last_name`, `email`, `phone`, `password`, `created_at`, `updated_at`) VALUES (66, 'Randall', 'Tromp', 'felicita04@example.net', '410-672-2981x95', '6b06a48f395ebc2', '1987-10-24 19:10:05', '1975-02-03 00:28:49');
INSERT INTO `users` (`id`, `first_name`, `last_name`, `email`, `phone`, `password`, `created_at`, `updated_at`) VALUES (67, 'Marianna', 'Hammes', 'enolan@example.com', '07936231158', 'e7b9c38f8567bba', '1986-08-30 00:50:28', '1994-06-06 00:32:59');
INSERT INTO `users` (`id`, `first_name`, `last_name`, `email`, `phone`, `password`, `created_at`, `updated_at`) VALUES (68, 'Megane', 'Stanton', 'murazik.assunta@example.com', '711-414-4663x40', '967f37453cf9635', '1992-11-11 09:57:44', '2000-08-30 05:14:10');
INSERT INTO `users` (`id`, `first_name`, `last_name`, `email`, `phone`, `password`, `created_at`, `updated_at`) VALUES (69, 'Maximo', 'Cormier', 'rking@example.net', '(214)357-8547', 'cf0acc780fd4556', '1999-07-20 10:57:15', '1971-03-07 06:21:50');
INSERT INTO `users` (`id`, `first_name`, `last_name`, `email`, `phone`, `password`, `created_at`, `updated_at`) VALUES (70, 'Cydney', 'Pagac', 'ekeebler@example.net', '907-559-5231', '85fe9c1c59d4e73', '2007-04-17 01:19:36', '2017-01-03 11:33:17');
INSERT INTO `users` (`id`, `first_name`, `last_name`, `email`, `phone`, `password`, `created_at`, `updated_at`) VALUES (71, 'Rhea', 'Halvorson', 'tauer@example.org', '1-334-479-2149x', '03b871013abd878', '1971-08-04 02:42:57', '1970-12-02 21:51:58');
INSERT INTO `users` (`id`, `first_name`, `last_name`, `email`, `phone`, `password`, `created_at`, `updated_at`) VALUES (72, 'Jany', 'Kunze', 'pstanton@example.com', '1-301-224-3992', '4645ef36aec9611', '2006-08-12 15:57:03', '1980-08-18 21:06:39');
INSERT INTO `users` (`id`, `first_name`, `last_name`, `email`, `phone`, `password`, `created_at`, `updated_at`) VALUES (73, 'Lily', 'Feil', 'ycasper@example.com', '336-904-1845x55', '5a1a6a3e7e26123', '1986-12-10 23:06:16', '2016-12-01 13:20:14');
INSERT INTO `users` (`id`, `first_name`, `last_name`, `email`, `phone`, `password`, `created_at`, `updated_at`) VALUES (74, 'Kyle', 'Rowe', 'klakin@example.net', '1-772-355-0752', '52bdfa3ad30f852', '1989-12-11 06:24:11', '2008-11-29 14:51:23');
INSERT INTO `users` (`id`, `first_name`, `last_name`, `email`, `phone`, `password`, `created_at`, `updated_at`) VALUES (75, 'Demond', 'Denesik', 'vidal.deckow@example.com', '1-216-925-1070', 'b4f494843509165', '1990-03-29 05:41:24', '1982-07-17 04:29:57');
INSERT INTO `users` (`id`, `first_name`, `last_name`, `email`, `phone`, `password`, `created_at`, `updated_at`) VALUES (76, 'Augustus', 'Powlowski', 'jeffery.walker@example.com', '06576941926', '3c31064cbeb3f15', '2008-07-08 05:38:26', '2011-04-23 13:30:45');
INSERT INTO `users` (`id`, `first_name`, `last_name`, `email`, `phone`, `password`, `created_at`, `updated_at`) VALUES (77, 'Solon', 'Hayes', 'marge.jenkins@example.com', '(402)308-3738', 'c137c1d43346c49', '2018-04-20 18:31:09', '2009-09-01 07:33:08');
INSERT INTO `users` (`id`, `first_name`, `last_name`, `email`, `phone`, `password`, `created_at`, `updated_at`) VALUES (78, 'Alexandrine', 'Morissette', 'gkilback@example.org', '02579450272', '37dd5184dcbdbc1', '1978-01-24 00:28:15', '2003-07-16 19:48:33');
INSERT INTO `users` (`id`, `first_name`, `last_name`, `email`, `phone`, `password`, `created_at`, `updated_at`) VALUES (79, 'Opal', 'Beatty', 'markus58@example.org', '873.085.4821', '55630ae703686f8', '1997-11-23 18:14:41', '1991-07-13 16:01:47');
INSERT INTO `users` (`id`, `first_name`, `last_name`, `email`, `phone`, `password`, `created_at`, `updated_at`) VALUES (80, 'Douglas', 'Hackett', 'thomas02@example.org', '941-898-7075x13', 'a7baa4cdd909929', '1972-08-25 05:28:56', '2010-09-03 17:47:48');
INSERT INTO `users` (`id`, `first_name`, `last_name`, `email`, `phone`, `password`, `created_at`, `updated_at`) VALUES (81, 'Jalon', 'Zboncak', 'nels20@example.net', '1-079-270-9064', 'df1e48d1289466d', '1970-05-29 01:51:11', '1991-01-23 21:22:14');
INSERT INTO `users` (`id`, `first_name`, `last_name`, `email`, `phone`, `password`, `created_at`, `updated_at`) VALUES (82, 'Coralie', 'Graham', 'quigley.thomas@example.com', '(016)584-2535', 'fed6d8d8499c3d0', '1971-05-26 02:37:52', '1999-11-12 19:39:47');
INSERT INTO `users` (`id`, `first_name`, `last_name`, `email`, `phone`, `password`, `created_at`, `updated_at`) VALUES (83, 'Ransom', 'Collier', 'khansen@example.com', '1-730-730-0053', '090a852f65f821a', '1997-05-23 14:51:23', '2013-12-09 05:26:32');
INSERT INTO `users` (`id`, `first_name`, `last_name`, `email`, `phone`, `password`, `created_at`, `updated_at`) VALUES (84, 'Rudolph', 'Cronin', 'austin.bradtke@example.com', '525.948.2014x65', 'ee0efa70921b94a', '1982-05-11 19:35:25', '2004-02-25 19:51:42');
INSERT INTO `users` (`id`, `first_name`, `last_name`, `email`, `phone`, `password`, `created_at`, `updated_at`) VALUES (85, 'Hallie', 'Kerluke', 'jaclyn.schaden@example.com', '758-321-0774x21', '7ada19f844baf57', '1973-08-31 10:38:05', '1976-03-22 22:44:03');
INSERT INTO `users` (`id`, `first_name`, `last_name`, `email`, `phone`, `password`, `created_at`, `updated_at`) VALUES (86, 'Albin', 'Rohan', 'danny.jenkins@example.net', '1-818-864-4185', '0bcf4f1904c69ea', '1971-03-07 22:57:16', '1989-06-03 22:14:49');
INSERT INTO `users` (`id`, `first_name`, `last_name`, `email`, `phone`, `password`, `created_at`, `updated_at`) VALUES (87, 'Zola', 'Ledner', 'volkman.helene@example.org', '910-589-8954x27', '32d531f193d4cd6', '1991-08-28 07:42:54', '2018-01-14 06:40:55');
INSERT INTO `users` (`id`, `first_name`, `last_name`, `email`, `phone`, `password`, `created_at`, `updated_at`) VALUES (88, 'Guadalupe', 'Rodriguez', 'lambert.thiel@example.org', '+68(7)540870249', '6679db1d03ef4b7', '1980-06-22 00:08:19', '1988-03-23 05:37:22');
INSERT INTO `users` (`id`, `first_name`, `last_name`, `email`, `phone`, `password`, `created_at`, `updated_at`) VALUES (89, 'Natalie', 'Borer', 'rogers.hirthe@example.org', '205.951.4586x13', '4a26ec85210061b', '2012-04-22 07:25:53', '1972-06-22 22:25:13');
INSERT INTO `users` (`id`, `first_name`, `last_name`, `email`, `phone`, `password`, `created_at`, `updated_at`) VALUES (90, 'Shanelle', 'Jacobson', 'ford.bashirian@example.net', '578.616.7999', '1dce301b0d5ab1d', '2006-07-21 20:42:13', '2004-10-20 02:56:37');
INSERT INTO `users` (`id`, `first_name`, `last_name`, `email`, `phone`, `password`, `created_at`, `updated_at`) VALUES (91, 'Jed', 'Stoltenberg', 'cole.gutmann@example.org', '1-578-365-6357x', 'a241123f65def27', '2009-03-19 11:02:42', '1970-01-20 19:24:45');
INSERT INTO `users` (`id`, `first_name`, `last_name`, `email`, `phone`, `password`, `created_at`, `updated_at`) VALUES (92, 'Danny', 'Denesik', 'ieichmann@example.net', '568-234-2175x62', '80d7d4f95040490', '1993-05-14 12:32:59', '1988-05-22 09:19:07');
INSERT INTO `users` (`id`, `first_name`, `last_name`, `email`, `phone`, `password`, `created_at`, `updated_at`) VALUES (93, 'Lucinda', 'Emard', 'dhane@example.net', '524-231-9694', '684efdbbb71039b', '1976-05-15 14:43:53', '1977-08-25 08:12:26');
INSERT INTO `users` (`id`, `first_name`, `last_name`, `email`, `phone`, `password`, `created_at`, `updated_at`) VALUES (94, 'Zelma', 'Mills', 'annette10@example.org', '678-384-4411x05', '65c2ebb7c060cfa', '2014-02-26 04:58:04', '2012-08-21 06:13:53');
INSERT INTO `users` (`id`, `first_name`, `last_name`, `email`, `phone`, `password`, `created_at`, `updated_at`) VALUES (95, 'Tracey', 'Waters', 'pink91@example.org', '1-278-260-3103', '57b445d66d43a74', '1983-07-15 08:49:54', '2003-11-14 16:11:35');
INSERT INTO `users` (`id`, `first_name`, `last_name`, `email`, `phone`, `password`, `created_at`, `updated_at`) VALUES (96, 'Audrey', 'Halvorson', 'gilbert93@example.com', '1-669-748-9694x', 'a9777038c82a868', '1976-02-27 14:40:52', '2009-08-23 08:33:34');
INSERT INTO `users` (`id`, `first_name`, `last_name`, `email`, `phone`, `password`, `created_at`, `updated_at`) VALUES (97, 'Julien', 'Kassulke', 'vhowell@example.org', '(058)447-5736', '6596701721da67f', '1987-02-21 11:09:24', '2007-06-21 22:25:48');
INSERT INTO `users` (`id`, `first_name`, `last_name`, `email`, `phone`, `password`, `created_at`, `updated_at`) VALUES (98, 'Levi', 'Wisoky', 'wmetz@example.org', '401.892.2291', '44a34b0077d0a8d', '1972-12-26 22:48:47', '2001-04-01 05:16:49');
INSERT INTO `users` (`id`, `first_name`, `last_name`, `email`, `phone`, `password`, `created_at`, `updated_at`) VALUES (99, 'Marlee', 'Rolfson', 'fay.wallace@example.org', '(229)613-6552', 'd6e928c38d58146', '2003-07-29 23:12:20', '2016-07-03 12:17:00');
INSERT INTO `users` (`id`, `first_name`, `last_name`, `email`, `phone`, `password`, `created_at`, `updated_at`) VALUES (100, 'Kole', 'Rodriguez', 'roger03@example.net', '1-635-971-0335x', 'b96d156a7085a81', '1987-12-15 11:13:04', '2010-09-13 22:10:32');


